{"tilemap": {"3;9": {"type": "grass", "variant": 0, "pos": [3, 9]}, "4;9": {"type": "grass", "variant": 0, "pos": [4, 9]}, "5;9": {"type": "grass", "variant": 0, "pos": [5, 9]}, "6;9": {"type": "grass", "variant": 0, "pos": [6, 9]}, "7;9": {"type": "grass", "variant": 0, "pos": [7, 9]}, "8;9": {"type": "grass", "variant": 0, "pos": [8, 9]}, "9;9": {"type": "grass", "variant": 0, "pos": [9, 9]}, "10;9": {"type": "grass", "variant": 0, "pos": [10, 9]}, "4;10": {"type": "grass", "variant": 1, "pos": [4, 10]}, "5;10": {"type": "grass", "variant": 1, "pos": [5, 10]}, "6;10": {"type": "grass", "variant": 1, "pos": [6, 10]}, "9;10": {"type": "grass", "variant": 1, "pos": [9, 10]}, "10;10": {"type": "grass", "variant": 1, "pos": [10, 10]}, "8;10": {"type": "grass", "variant": 1, "pos": [8, 10]}, "7;10": {"type": "grass", "variant": 1, "pos": [7, 10]}, "3;10": {"type": "grass", "variant": 1, "pos": [3, 10]}, "7;8": {"type": "stone", "variant": 2, "pos": [7, 8]}, "8;8": {"type": "stone", "variant": 2, "pos": [8, 8]}, "9;8": {"type": "stone", "variant": 2, "pos": [9, 8]}, "8;7": {"type": "stone", "variant": 1, "pos": [8, 7]}, "4;11": {"type": "grass", "variant": 1, "pos": [4, 11]}, "5;11": {"type": "grass", "variant": 1, "pos": [5, 11]}, "6;11": {"type": "grass", "variant": 1, "pos": [6, 11]}, "7;11": {"type": "grass", "variant": 1, "pos": [7, 11]}, "9;11": {"type": "grass", "variant": 1, "pos": [9, 11]}, "8;11": {"type": "grass", "variant": 1, "pos": [8, 11]}, "10;11": {"type": "stone", "variant": 0, "pos": [10, 11]}, "3;11": {"type": "stone", "variant": 0, "pos": [3, 11]}, "4;12": {"type": "stone", "variant": 0, "pos": [4, 12]}, "5;12": {"type": "stone", "variant": 0, "pos": [5, 12]}, "6;12": {"type": "stone", "variant": 0, "pos": [6, 12]}, "7;12": {"type": "stone", "variant": 0, "pos": [7, 12]}, "8;12": {"type": "stone", "variant": 0, "pos": [8, 12]}, "9;12": {"type": "stone", "variant": 0, "pos": [9, 12]}, "10;12": {"type": "stone", "variant": 2, "pos": [10, 12]}, "3;12": {"type": "stone", "variant": 2, "pos": [3, 12]}, "4;13": {"type": "stone", "variant": 2, "pos": [4, 13]}, "5;13": {"type": "stone", "variant": 2, "pos": [5, 13]}, "6;13": {"type": "stone", "variant": 2, "pos": [6, 13]}, "7;13": {"type": "stone", "variant": 2, "pos": [7, 13]}, "8;13": {"type": "stone", "variant": 2, "pos": [8, 13]}, "9;13": {"type": "stone", "variant": 2, "pos": [9, 13]}, "12;7": {"type": "stone", "variant": 2, "pos": [12, 7]}, "13;8": {"type": "stone", "variant": 2, "pos": [13, 8]}, "14;8": {"type": "stone", "variant": 2, "pos": [14, 8]}, "15;8": {"type": "stone", "variant": 2, "pos": [15, 8]}, "16;8": {"type": "stone", "variant": 2, "pos": [16, 8]}, "17;7": {"type": "stone", "variant": 2, "pos": [17, 7]}, "13;7": {"type": "stone", "variant": 1, "pos": [13, 7]}, "14;7": {"type": "stone", "variant": 1, "pos": [14, 7]}, "15;7": {"type": "stone", "variant": 1, "pos": [15, 7]}, "16;7": {"type": "stone", "variant": 1, "pos": [16, 7]}, "17;6": {"type": "stone", "variant": 1, "pos": [17, 6]}, "16;6": {"type": "stone", "variant": 1, "pos": [16, 6]}, "15;6": {"type": "stone", "variant": 1, "pos": [15, 6]}, "14;6": {"type": "stone", "variant": 1, "pos": [14, 6]}, "13;6": {"type": "stone", "variant": 1, "pos": [13, 6]}, "12;6": {"type": "stone", "variant": 1, "pos": [12, 6]}, "18;11": {"type": "grass", "variant": 1, "pos": [18, 11]}, "19;11": {"type": "grass", "variant": 1, "pos": [19, 11]}, "20;11": {"type": "grass", "variant": 1, "pos": [20, 11]}, "21;11": {"type": "grass", "variant": 1, "pos": [21, 11]}, "22;11": {"type": "grass", "variant": 0, "pos": [22, 11]}, "23;11": {"type": "grass", "variant": 0, "pos": [23, 11]}, "24;11": {"type": "grass", "variant": 0, "pos": [24, 11]}, "25;11": {"type": "grass", "variant": 0, "pos": [25, 11]}, "26;11": {"type": "grass", "variant": 0, "pos": [26, 11]}, "27;11": {"type": "grass", "variant": 0, "pos": [27, 11]}, "28;11": {"type": "grass", "variant": 0, "pos": [28, 11]}, "30;11": {"type": "grass", "variant": 0, "pos": [30, 11]}, "31;11": {"type": "grass", "variant": 0, "pos": [31, 11]}, "32;11": {"type": "grass", "variant": 0, "pos": [32, 11]}, "33;11": {"type": "grass", "variant": 0, "pos": [33, 11]}, "29;11": {"type": "grass", "variant": 0, "pos": [29, 11]}, "18;12": {"type": "grass", "variant": 1, "pos": [18, 12]}, "19;12": {"type": "grass", "variant": 1, "pos": [19, 12]}, "20;12": {"type": "grass", "variant": 1, "pos": [20, 12]}, "21;12": {"type": "grass", "variant": 1, "pos": [21, 12]}, "22;12": {"type": "grass", "variant": 1, "pos": [22, 12]}, "23;12": {"type": "grass", "variant": 1, "pos": [23, 12]}, "24;12": {"type": "grass", "variant": 1, "pos": [24, 12]}, "25;12": {"type": "grass", "variant": 1, "pos": [25, 12]}, "26;12": {"type": "grass", "variant": 1, "pos": [26, 12]}, "27;12": {"type": "grass", "variant": 1, "pos": [27, 12]}, "28;12": {"type": "grass", "variant": 1, "pos": [28, 12]}, "29;12": {"type": "grass", "variant": 1, "pos": [29, 12]}, "30;12": {"type": "grass", "variant": 1, "pos": [30, 12]}, "31;12": {"type": "grass", "variant": 1, "pos": [31, 12]}, "32;12": {"type": "grass", "variant": 1, "pos": [32, 12]}, "33;12": {"type": "grass", "variant": 1, "pos": [33, 12]}, "18;13": {"type": "stone", "variant": 0, "pos": [18, 13]}, "19;13": {"type": "stone", "variant": 1, "pos": [19, 13]}, "20;13": {"type": "stone", "variant": 1, "pos": [20, 13]}, "21;13": {"type": "stone", "variant": 1, "pos": [21, 13]}, "22;13": {"type": "stone", "variant": 0, "pos": [22, 13]}, "23;13": {"type": "stone", "variant": 0, "pos": [23, 13]}, "24;13": {"type": "stone", "variant": 1, "pos": [24, 13]}, "25;13": {"type": "stone", "variant": 1, "pos": [25, 13]}, "26;13": {"type": "stone", "variant": 1, "pos": [26, 13]}, "27;13": {"type": "stone", "variant": 0, "pos": [27, 13]}, "28;13": {"type": "stone", "variant": 0, "pos": [28, 13]}, "29;13": {"type": "stone", "variant": 1, "pos": [29, 13]}, "30;13": {"type": "stone", "variant": 4, "pos": [30, 13]}, "31;13": {"type": "stone", "variant": 1, "pos": [31, 13]}, "32;13": {"type": "stone", "variant": 0, "pos": [32, 13]}, "33;13": {"type": "stone", "variant": 0, "pos": [33, 13]}, "19;14": {"type": "stone", "variant": 3, "pos": [19, 14]}, "23;14": {"type": "stone", "variant": 3, "pos": [23, 14]}, "27;14": {"type": "stone", "variant": 4, "pos": [27, 14]}, "31;14": {"type": "stone", "variant": 4, "pos": [31, 14]}, "26;14": {"type": "stone", "variant": 5, "pos": [26, 14]}, "25;14": {"type": "stone", "variant": 5, "pos": [25, 14]}, "24;14": {"type": "stone", "variant": 5, "pos": [24, 14]}, "24;15": {"type": "stone", "variant": 5, "pos": [24, 15]}, "23;15": {"type": "stone", "variant": 5, "pos": [23, 15]}, "22;15": {"type": "stone", "variant": 5, "pos": [22, 15]}, "21;15": {"type": "stone", "variant": 5, "pos": [21, 15]}, "21;14": {"type": "stone", "variant": 5, "pos": [21, 14]}, "22;14": {"type": "stone", "variant": 5, "pos": [22, 14]}, "20;14": {"type": "stone", "variant": 5, "pos": [20, 14]}, "20;15": {"type": "stone", "variant": 5, "pos": [20, 15]}, "19;15": {"type": "stone", "variant": 5, "pos": [19, 15]}, "25;15": {"type": "stone", "variant": 5, "pos": [25, 15]}, "26;15": {"type": "stone", "variant": 5, "pos": [26, 15]}, "27;15": {"type": "stone", "variant": 5, "pos": [27, 15]}, "28;15": {"type": "stone", "variant": 5, "pos": [28, 15]}, "28;14": {"type": "stone", "variant": 2, "pos": [28, 14]}, "29;14": {"type": "stone", "variant": 2, "pos": [29, 14]}, "29;15": {"type": "stone", "variant": 5, "pos": [29, 15]}, "30;15": {"type": "stone", "variant": 5, "pos": [30, 15]}, "30;14": {"type": "stone", "variant": 5, "pos": [30, 14]}, "31;15": {"type": "stone", "variant": 5, "pos": [31, 15]}, "32;14": {"type": "stone", "variant": 2, "pos": [32, 14]}, "33;14": {"type": "stone", "variant": 2, "pos": [33, 14]}, "18;14": {"type": "stone", "variant": 2, "pos": [18, 14]}, "18;15": {"type": "stone", "variant": 5, "pos": [18, 15]}, "32;15": {"type": "stone", "variant": 5, "pos": [32, 15]}, "33;15": {"type": "stone", "variant": 5, "pos": [33, 15]}, "19;16": {"type": "stone", "variant": 5, "pos": [19, 16]}, "20;16": {"type": "stone", "variant": 5, "pos": [20, 16]}, "21;16": {"type": "stone", "variant": 5, "pos": [21, 16]}, "22;16": {"type": "stone", "variant": 5, "pos": [22, 16]}, "23;16": {"type": "stone", "variant": 5, "pos": [23, 16]}, "24;16": {"type": "stone", "variant": 5, "pos": [24, 16]}, "25;16": {"type": "stone", "variant": 5, "pos": [25, 16]}, "26;16": {"type": "stone", "variant": 5, "pos": [26, 16]}, "27;16": {"type": "stone", "variant": 5, "pos": [27, 16]}, "28;16": {"type": "stone", "variant": 5, "pos": [28, 16]}, "29;16": {"type": "stone", "variant": 5, "pos": [29, 16]}, "30;16": {"type": "stone", "variant": 5, "pos": [30, 16]}, "31;16": {"type": "stone", "variant": 5, "pos": [31, 16]}, "32;16": {"type": "stone", "variant": 5, "pos": [32, 16]}, "22;17": {"type": "stone", "variant": 5, "pos": [22, 17]}, "23;17": {"type": "stone", "variant": 5, "pos": [23, 17]}, "24;17": {"type": "stone", "variant": 5, "pos": [24, 17]}, "25;17": {"type": "stone", "variant": 5, "pos": [25, 17]}, "26;17": {"type": "stone", "variant": 5, "pos": [26, 17]}, "27;17": {"type": "stone", "variant": 5, "pos": [27, 17]}, "28;17": {"type": "stone", "variant": 5, "pos": [28, 17]}, "29;17": {"type": "stone", "variant": 5, "pos": [29, 17]}, "30;17": {"type": "stone", "variant": 5, "pos": [30, 17]}, "27;18": {"type": "stone", "variant": 5, "pos": [27, 18]}, "28;18": {"type": "stone", "variant": 5, "pos": [28, 18]}, "29;18": {"type": "stone", "variant": 5, "pos": [29, 18]}, "30;18": {"type": "stone", "variant": 5, "pos": [30, 18]}, "30;19": {"type": "stone", "variant": 5, "pos": [30, 19]}, "29;19": {"type": "stone", "variant": 5, "pos": [29, 19]}, "31;17": {"type": "stone", "variant": 5, "pos": [31, 17]}, "27;10": {"type": "stone", "variant": 5, "pos": [27, 10]}, "28;10": {"type": "stone", "variant": 5, "pos": [28, 10]}, "29;10": {"type": "stone", "variant": 5, "pos": [29, 10]}, "30;10": {"type": "stone", "variant": 5, "pos": [30, 10]}, "27;9": {"type": "stone", "variant": 2, "pos": [27, 9]}, "28;9": {"type": "stone", "variant": 2, "pos": [28, 9]}, "29;9": {"type": "stone", "variant": 2, "pos": [29, 9]}, "30;9": {"type": "stone", "variant": 2, "pos": [30, 9]}, "31;10": {"type": "stone", "variant": 2, "pos": [31, 10]}, "19;3": {"type": "stone", "variant": 2, "pos": [19, 3]}, "20;3": {"type": "stone", "variant": 2, "pos": [20, 3]}, "21;3": {"type": "stone", "variant": 2, "pos": [21, 3]}, "20;4": {"type": "stone", "variant": 3, "pos": [20, 4]}, "21;4": {"type": "stone", "variant": 4, "pos": [21, 4]}, "15;0": {"type": "grass", "variant": 0, "pos": [15, 0]}, "14;0": {"type": "grass", "variant": 0, "pos": [14, 0]}, "13;0": {"type": "grass", "variant": 0, "pos": [13, 0]}, "12;0": {"type": "grass", "variant": 0, "pos": [12, 0]}, "12;1": {"type": "stone", "variant": 0, "pos": [12, 1]}, "15;1": {"type": "stone", "variant": 0, "pos": [15, 1]}, "13;1": {"type": "stone", "variant": 1, "pos": [13, 1]}, "14;1": {"type": "stone", "variant": 1, "pos": [14, 1]}, "4;2": {"type": "stone", "variant": 2, "pos": [4, 2]}, "5;3": {"type": "stone", "variant": 2, "pos": [5, 3]}, "6;3": {"type": "stone", "variant": 2, "pos": [6, 3]}, "7;3": {"type": "stone", "variant": 2, "pos": [7, 3]}, "8;2": {"type": "stone", "variant": 2, "pos": [8, 2]}, "5;2": {"type": "stone", "variant": 0, "pos": [5, 2]}, "6;2": {"type": "stone", "variant": 0, "pos": [6, 2]}, "7;2": {"type": "stone", "variant": 0, "pos": [7, 2]}, "4;1": {"type": "grass", "variant": 0, "pos": [4, 1]}, "5;1": {"type": "grass", "variant": 0, "pos": [5, 1]}, "6;1": {"type": "grass", "variant": 0, "pos": [6, 1]}, "7;1": {"type": "grass", "variant": 0, "pos": [7, 1]}, "8;1": {"type": "grass", "variant": 0, "pos": [8, 1]}, "18;-3": {"type": "grass", "variant": 0, "pos": [18, -3]}, "19;-3": {"type": "grass", "variant": 0, "pos": [19, -3]}, "20;-3": {"type": "grass", "variant": 0, "pos": [20, -3]}, "21;-3": {"type": "grass", "variant": 0, "pos": [21, -3]}, "22;-3": {"type": "grass", "variant": 0, "pos": [22, -3]}, "26;1": {"type": "grass", "variant": 0, "pos": [26, 1]}, "27;1": {"type": "grass", "variant": 0, "pos": [27, 1]}, "28;1": {"type": "grass", "variant": 0, "pos": [28, 1]}, "29;1": {"type": "grass", "variant": 0, "pos": [29, 1]}, "32;-3": {"type": "grass", "variant": 0, "pos": [32, -3]}, "33;-3": {"type": "grass", "variant": 0, "pos": [33, -3]}, "34;-4": {"type": "grass", "variant": 0, "pos": [34, -4]}, "35;-4": {"type": "grass", "variant": 0, "pos": [35, -4]}, "36;-4": {"type": "grass", "variant": 0, "pos": [36, -4]}, "25;-6": {"type": "grass", "variant": 0, "pos": [25, -6]}, "26;-6": {"type": "grass", "variant": 0, "pos": [26, -6]}, "27;-6": {"type": "grass", "variant": 0, "pos": [27, -6]}, "28;-6": {"type": "grass", "variant": 0, "pos": [28, -6]}, "29;-6": {"type": "grass", "variant": 0, "pos": [29, -6]}, "26;-5": {"type": "grass", "variant": 1, "pos": [26, -5]}, "27;-5": {"type": "grass", "variant": 1, "pos": [27, -5]}, "28;-5": {"type": "grass", "variant": 1, "pos": [28, -5]}, "19;-2": {"type": "stone", "variant": 1, "pos": [19, -2]}, "20;-2": {"type": "stone", "variant": 1, "pos": [20, -2]}, "21;-2": {"type": "stone", "variant": 1, "pos": [21, -2]}, "27;2": {"type": "grass", "variant": 1, "pos": [27, 2]}, "28;2": {"type": "grass", "variant": 1, "pos": [28, 2]}, "36;-3": {"type": "grass", "variant": 1, "pos": [36, -3]}, "35;-3": {"type": "grass", "variant": 1, "pos": [35, -3]}, "34;-3": {"type": "grass", "variant": 1, "pos": [34, -3]}, "34;-2": {"type": "grass", "variant": 1, "pos": [34, -2]}, "33;-2": {"type": "grass", "variant": 1, "pos": [33, -2]}, "35;-2": {"type": "grass", "variant": 1, "pos": [35, -2]}, "18;-2": {"type": "stone", "variant": 2, "pos": [18, -2]}, "22;-2": {"type": "stone", "variant": 2, "pos": [22, -2]}, "21;-1": {"type": "stone", "variant": 2, "pos": [21, -1]}, "20;-1": {"type": "stone", "variant": 2, "pos": [20, -1]}, "19;-1": {"type": "stone", "variant": 2, "pos": [19, -1]}, "29;-5": {"type": "stone", "variant": 2, "pos": [29, -5]}, "28;-4": {"type": "stone", "variant": 2, "pos": [28, -4]}, "27;-4": {"type": "stone", "variant": 2, "pos": [27, -4]}, "26;-4": {"type": "stone", "variant": 2, "pos": [26, -4]}, "25;-5": {"type": "stone", "variant": 2, "pos": [25, -5]}, "32;-2": {"type": "grass", "variant": 1, "pos": [32, -2]}, "33;-1": {"type": "stone", "variant": 2, "pos": [33, -1]}, "34;-1": {"type": "stone", "variant": 2, "pos": [34, -1]}, "35;-1": {"type": "stone", "variant": 2, "pos": [35, -1]}, "36;-2": {"type": "stone", "variant": 2, "pos": [36, -2]}, "26;2": {"type": "stone", "variant": 2, "pos": [26, 2]}, "27;3": {"type": "stone", "variant": 2, "pos": [27, 3]}, "28;3": {"type": "stone", "variant": 2, "pos": [28, 3]}, "29;2": {"type": "stone", "variant": 2, "pos": [29, 2]}, "18;10": {"type": "grass", "variant": 0, "pos": [18, 10]}, "19;10": {"type": "grass", "variant": 0, "pos": [19, 10]}, "20;10": {"type": "grass", "variant": 0, "pos": [20, 10]}, "21;10": {"type": "grass", "variant": 0, "pos": [21, 10]}, "-2;22": {"type": "grass", "variant": 0, "pos": [-2, 22]}, "-1;22": {"type": "grass", "variant": 0, "pos": [-1, 22]}, "0;22": {"type": "grass", "variant": 0, "pos": [0, 22]}, "1;22": {"type": "grass", "variant": 0, "pos": [1, 22]}, "2;22": {"type": "grass", "variant": 0, "pos": [2, 22]}, "3;22": {"type": "grass", "variant": 0, "pos": [3, 22]}, "4;22": {"type": "grass", "variant": 0, "pos": [4, 22]}, "5;22": {"type": "grass", "variant": 0, "pos": [5, 22]}, "6;22": {"type": "grass", "variant": 0, "pos": [6, 22]}, "7;22": {"type": "grass", "variant": 0, "pos": [7, 22]}, "8;22": {"type": "grass", "variant": 0, "pos": [8, 22]}, "9;22": {"type": "grass", "variant": 0, "pos": [9, 22]}, "10;22": {"type": "grass", "variant": 0, "pos": [10, 22]}, "11;22": {"type": "grass", "variant": 0, "pos": [11, 22]}, "12;22": {"type": "grass", "variant": 0, "pos": [12, 22]}, "13;22": {"type": "grass", "variant": 0, "pos": [13, 22]}, "14;22": {"type": "grass", "variant": 0, "pos": [14, 22]}, "15;22": {"type": "grass", "variant": 0, "pos": [15, 22]}, "16;22": {"type": "grass", "variant": 0, "pos": [16, 22]}, "17;22": {"type": "grass", "variant": 0, "pos": [17, 22]}, "18;22": {"type": "grass", "variant": 0, "pos": [18, 22]}, "19;22": {"type": "stone", "variant": 5, "pos": [19, 22]}, "20;22": {"type": "stone", "variant": 2, "pos": [20, 22]}, "21;22": {"type": "stone", "variant": 1, "pos": [21, 22]}, "22;22": {"type": "stone", "variant": 5, "pos": [22, 22]}, "23;22": {"type": "grass", "variant": 0, "pos": [23, 22]}, "24;22": {"type": "grass", "variant": 0, "pos": [24, 22]}, "25;22": {"type": "grass", "variant": 0, "pos": [25, 22]}, "26;22": {"type": "grass", "variant": 0, "pos": [26, 22]}, "27;22": {"type": "grass", "variant": 0, "pos": [27, 22]}, "28;22": {"type": "grass", "variant": 0, "pos": [28, 22]}, "29;22": {"type": "grass", "variant": 0, "pos": [29, 22]}, "30;22": {"type": "grass", "variant": 0, "pos": [30, 22]}, "31;22": {"type": "grass", "variant": 0, "pos": [31, 22]}, "32;22": {"type": "grass", "variant": 0, "pos": [32, 22]}, "33;22": {"type": "grass", "variant": 0, "pos": [33, 22]}, "34;22": {"type": "grass", "variant": 0, "pos": [34, 22]}, "35;22": {"type": "grass", "variant": 0, "pos": [35, 22]}, "36;22": {"type": "grass", "variant": 0, "pos": [36, 22]}, "37;22": {"type": "grass", "variant": 1, "pos": [37, 22]}, "38;22": {"type": "grass", "variant": 1, "pos": [38, 22]}, "39;22": {"type": "grass", "variant": 0, "pos": [39, 22]}, "40;22": {"type": "grass", "variant": 1, "pos": [40, 22]}, "41;22": {"type": "grass", "variant": 1, "pos": [41, 22]}, "42;22": {"type": "grass", "variant": 0, "pos": [42, 22]}, "43;22": {"type": "stone", "variant": 5, "pos": [43, 22]}, "43;23": {"type": "stone", "variant": 5, "pos": [43, 23]}, "42;23": {"type": "grass", "variant": 1, "pos": [42, 23]}, "41;23": {"type": "grass", "variant": 1, "pos": [41, 23]}, "40;23": {"type": "grass", "variant": 1, "pos": [40, 23]}, "39;23": {"type": "grass", "variant": 1, "pos": [39, 23]}, "38;23": {"type": "grass", "variant": 1, "pos": [38, 23]}, "37;23": {"type": "grass", "variant": 1, "pos": [37, 23]}, "36;23": {"type": "grass", "variant": 1, "pos": [36, 23]}, "35;24": {"type": "grass", "variant": 1, "pos": [35, 24]}, "36;24": {"type": "grass", "variant": 1, "pos": [36, 24]}, "37;24": {"type": "grass", "variant": 1, "pos": [37, 24]}, "38;24": {"type": "grass", "variant": 1, "pos": [38, 24]}, "39;24": {"type": "grass", "variant": 1, "pos": [39, 24]}, "40;24": {"type": "grass", "variant": 1, "pos": [40, 24]}, "41;24": {"type": "grass", "variant": 1, "pos": [41, 24]}, "42;24": {"type": "grass", "variant": 1, "pos": [42, 24]}, "35;23": {"type": "grass", "variant": 1, "pos": [35, 23]}, "34;23": {"type": "grass", "variant": 1, "pos": [34, 23]}, "33;23": {"type": "grass", "variant": 1, "pos": [33, 23]}, "32;23": {"type": "grass", "variant": 1, "pos": [32, 23]}, "32;24": {"type": "grass", "variant": 1, "pos": [32, 24]}, "31;24": {"type": "grass", "variant": 1, "pos": [31, 24]}, "30;24": {"type": "grass", "variant": 1, "pos": [30, 24]}, "29;23": {"type": "grass", "variant": 1, "pos": [29, 23]}, "28;23": {"type": "grass", "variant": 1, "pos": [28, 23]}, "27;23": {"type": "grass", "variant": 1, "pos": [27, 23]}, "26;24": {"type": "grass", "variant": 1, "pos": [26, 24]}, "25;24": {"type": "grass", "variant": 1, "pos": [25, 24]}, "25;23": {"type": "grass", "variant": 1, "pos": [25, 23]}, "24;23": {"type": "grass", "variant": 1, "pos": [24, 23]}, "26;23": {"type": "grass", "variant": 1, "pos": [26, 23]}, "27;24": {"type": "grass", "variant": 1, "pos": [27, 24]}, "28;24": {"type": "grass", "variant": 1, "pos": [28, 24]}, "29;24": {"type": "grass", "variant": 1, "pos": [29, 24]}, "33;24": {"type": "grass", "variant": 1, "pos": [33, 24]}, "34;24": {"type": "grass", "variant": 1, "pos": [34, 24]}, "30;23": {"type": "grass", "variant": 1, "pos": [30, 23]}, "31;23": {"type": "grass", "variant": 1, "pos": [31, 23]}, "24;24": {"type": "grass", "variant": 1, "pos": [24, 24]}, "23;24": {"type": "grass", "variant": 1, "pos": [23, 24]}, "22;24": {"type": "stone", "variant": 5, "pos": [22, 24]}, "21;24": {"type": "stone", "variant": 1, "pos": [21, 24]}, "20;24": {"type": "stone", "variant": 5, "pos": [20, 24]}, "19;24": {"type": "grass", "variant": 1, "pos": [19, 24]}, "18;24": {"type": "grass", "variant": 1, "pos": [18, 24]}, "17;24": {"type": "grass", "variant": 1, "pos": [17, 24]}, "16;24": {"type": "grass", "variant": 1, "pos": [16, 24]}, "15;24": {"type": "grass", "variant": 1, "pos": [15, 24]}, "14;24": {"type": "grass", "variant": 1, "pos": [14, 24]}, "13;24": {"type": "grass", "variant": 1, "pos": [13, 24]}, "12;24": {"type": "grass", "variant": 1, "pos": [12, 24]}, "11;24": {"type": "grass", "variant": 1, "pos": [11, 24]}, "10;24": {"type": "grass", "variant": 1, "pos": [10, 24]}, "10;23": {"type": "grass", "variant": 1, "pos": [10, 23]}, "11;23": {"type": "grass", "variant": 1, "pos": [11, 23]}, "12;23": {"type": "grass", "variant": 1, "pos": [12, 23]}, "13;23": {"type": "grass", "variant": 1, "pos": [13, 23]}, "14;23": {"type": "grass", "variant": 1, "pos": [14, 23]}, "15;23": {"type": "grass", "variant": 1, "pos": [15, 23]}, "16;23": {"type": "grass", "variant": 1, "pos": [16, 23]}, "17;23": {"type": "grass", "variant": 1, "pos": [17, 23]}, "18;23": {"type": "grass", "variant": 1, "pos": [18, 23]}, "19;23": {"type": "stone", "variant": 5, "pos": [19, 23]}, "22;23": {"type": "stone", "variant": 5, "pos": [22, 23]}, "23;23": {"type": "grass", "variant": 1, "pos": [23, 23]}, "21;23": {"type": "stone", "variant": 1, "pos": [21, 23]}, "20;23": {"type": "stone", "variant": 5, "pos": [20, 23]}, "19;21": {"type": "stone", "variant": 2, "pos": [19, 21]}, "20;21": {"type": "stone", "variant": 1, "pos": [20, 21]}, "21;21": {"type": "stone", "variant": 1, "pos": [21, 21]}, "22;21": {"type": "stone", "variant": 1, "pos": [22, 21]}, "20;20": {"type": "stone", "variant": 1, "pos": [20, 20]}, "21;20": {"type": "stone", "variant": 1, "pos": [21, 20]}, "9;23": {"type": "grass", "variant": 1, "pos": [9, 23]}, "8;23": {"type": "grass", "variant": 1, "pos": [8, 23]}, "7;23": {"type": "grass", "variant": 1, "pos": [7, 23]}, "6;23": {"type": "grass", "variant": 1, "pos": [6, 23]}, "5;23": {"type": "grass", "variant": 1, "pos": [5, 23]}, "4;23": {"type": "grass", "variant": 1, "pos": [4, 23]}, "3;23": {"type": "grass", "variant": 1, "pos": [3, 23]}, "2;23": {"type": "grass", "variant": 1, "pos": [2, 23]}, "1;23": {"type": "grass", "variant": 1, "pos": [1, 23]}, "0;23": {"type": "grass", "variant": 1, "pos": [0, 23]}, "1;24": {"type": "grass", "variant": 1, "pos": [1, 24]}, "2;24": {"type": "grass", "variant": 1, "pos": [2, 24]}, "3;24": {"type": "grass", "variant": 1, "pos": [3, 24]}, "4;24": {"type": "grass", "variant": 1, "pos": [4, 24]}, "5;24": {"type": "grass", "variant": 1, "pos": [5, 24]}, "6;24": {"type": "grass", "variant": 1, "pos": [6, 24]}, "7;24": {"type": "grass", "variant": 1, "pos": [7, 24]}, "8;24": {"type": "grass", "variant": 1, "pos": [8, 24]}, "9;24": {"type": "grass", "variant": 1, "pos": [9, 24]}, "10;25": {"type": "grass", "variant": 1, "pos": [10, 25]}, "4;25": {"type": "grass", "variant": 1, "pos": [4, 25]}, "5;25": {"type": "grass", "variant": 1, "pos": [5, 25]}, "6;25": {"type": "grass", "variant": 1, "pos": [6, 25]}, "7;25": {"type": "grass", "variant": 1, "pos": [7, 25]}, "8;25": {"type": "grass", "variant": 1, "pos": [8, 25]}, "9;25": {"type": "grass", "variant": 1, "pos": [9, 25]}, "11;25": {"type": "grass", "variant": 1, "pos": [11, 25]}, "12;25": {"type": "grass", "variant": 1, "pos": [12, 25]}, "13;25": {"type": "grass", "variant": 1, "pos": [13, 25]}, "14;25": {"type": "grass", "variant": 1, "pos": [14, 25]}, "15;25": {"type": "grass", "variant": 1, "pos": [15, 25]}, "16;25": {"type": "grass", "variant": 1, "pos": [16, 25]}, "22;25": {"type": "stone", "variant": 5, "pos": [22, 25]}, "22;26": {"type": "stone", "variant": 5, "pos": [22, 26]}, "21;26": {"type": "stone", "variant": 5, "pos": [21, 26]}, "21;27": {"type": "stone", "variant": 5, "pos": [21, 27]}, "21;25": {"type": "stone", "variant": 2, "pos": [21, 25]}, "20;25": {"type": "stone", "variant": 5, "pos": [20, 25]}, "19;25": {"type": "stone", "variant": 0, "pos": [19, 25]}, "18;25": {"type": "stone", "variant": 0, "pos": [18, 25]}, "17;25": {"type": "stone", "variant": 0, "pos": [17, 25]}, "25;25": {"type": "stone", "variant": 0, "pos": [25, 25]}, "26;25": {"type": "stone", "variant": 0, "pos": [26, 25]}, "27;25": {"type": "stone", "variant": 0, "pos": [27, 25]}, "28;25": {"type": "stone", "variant": 0, "pos": [28, 25]}, "29;25": {"type": "stone", "variant": 0, "pos": [29, 25]}, "30;25": {"type": "stone", "variant": 0, "pos": [30, 25]}, "31;25": {"type": "stone", "variant": 0, "pos": [31, 25]}, "32;25": {"type": "stone", "variant": 0, "pos": [32, 25]}, "33;25": {"type": "stone", "variant": 0, "pos": [33, 25]}, "34;25": {"type": "grass", "variant": 1, "pos": [34, 25]}, "35;25": {"type": "grass", "variant": 1, "pos": [35, 25]}, "36;25": {"type": "grass", "variant": 1, "pos": [36, 25]}, "37;25": {"type": "grass", "variant": 1, "pos": [37, 25]}, "38;25": {"type": "grass", "variant": 1, "pos": [38, 25]}, "39;25": {"type": "grass", "variant": 1, "pos": [39, 25]}, "34;26": {"type": "stone", "variant": 0, "pos": [34, 26]}, "35;26": {"type": "stone", "variant": 0, "pos": [35, 26]}, "36;26": {"type": "stone", "variant": 0, "pos": [36, 26]}, "37;26": {"type": "stone", "variant": 0, "pos": [37, 26]}, "38;26": {"type": "stone", "variant": 0, "pos": [38, 26]}, "39;26": {"type": "stone", "variant": 0, "pos": [39, 26]}, "42;25": {"type": "stone", "variant": 0, "pos": [42, 25]}, "41;25": {"type": "stone", "variant": 0, "pos": [41, 25]}, "40;25": {"type": "stone", "variant": 0, "pos": [40, 25]}, "40;26": {"type": "stone", "variant": 1, "pos": [40, 26]}, "33;26": {"type": "stone", "variant": 1, "pos": [33, 26]}, "32;26": {"type": "stone", "variant": 1, "pos": [32, 26]}, "31;26": {"type": "stone", "variant": 1, "pos": [31, 26]}, "30;26": {"type": "stone", "variant": 1, "pos": [30, 26]}, "32;27": {"type": "stone", "variant": 1, "pos": [32, 27]}, "33;27": {"type": "stone", "variant": 1, "pos": [33, 27]}, "34;27": {"type": "stone", "variant": 1, "pos": [34, 27]}, "35;27": {"type": "stone", "variant": 1, "pos": [35, 27]}, "36;27": {"type": "stone", "variant": 1, "pos": [36, 27]}, "37;27": {"type": "stone", "variant": 1, "pos": [37, 27]}, "38;27": {"type": "stone", "variant": 1, "pos": [38, 27]}, "41;26": {"type": "stone", "variant": 2, "pos": [41, 26]}, "42;26": {"type": "stone", "variant": 2, "pos": [42, 26]}, "39;27": {"type": "stone", "variant": 2, "pos": [39, 27]}, "40;27": {"type": "stone", "variant": 2, "pos": [40, 27]}, "38;28": {"type": "stone", "variant": 2, "pos": [38, 28]}, "37;28": {"type": "stone", "variant": 2, "pos": [37, 28]}, "36;28": {"type": "stone", "variant": 2, "pos": [36, 28]}, "35;28": {"type": "stone", "variant": 2, "pos": [35, 28]}, "34;28": {"type": "stone", "variant": 2, "pos": [34, 28]}, "33;28": {"type": "stone", "variant": 2, "pos": [33, 28]}, "32;28": {"type": "stone", "variant": 2, "pos": [32, 28]}, "31;27": {"type": "stone", "variant": 2, "pos": [31, 27]}, "30;27": {"type": "stone", "variant": 2, "pos": [30, 27]}, "29;26": {"type": "stone", "variant": 2, "pos": [29, 26]}, "28;26": {"type": "stone", "variant": 2, "pos": [28, 26]}, "27;26": {"type": "stone", "variant": 2, "pos": [27, 26]}, "26;26": {"type": "stone", "variant": 2, "pos": [26, 26]}, "25;26": {"type": "stone", "variant": 2, "pos": [25, 26]}, "23;25": {"type": "stone", "variant": 2, "pos": [23, 25]}, "24;25": {"type": "stone", "variant": 2, "pos": [24, 25]}, "24;26": {"type": "stone", "variant": 5, "pos": [24, 26]}, "19;26": {"type": "stone", "variant": 2, "pos": [19, 26]}, "18;26": {"type": "stone", "variant": 2, "pos": [18, 26]}, "17;26": {"type": "stone", "variant": 2, "pos": [17, 26]}, "16;26": {"type": "stone", "variant": 2, "pos": [16, 26]}, "15;26": {"type": "stone", "variant": 2, "pos": [15, 26]}, "14;26": {"type": "stone", "variant": 2, "pos": [14, 26]}, "13;26": {"type": "stone", "variant": 2, "pos": [13, 26]}, "12;26": {"type": "stone", "variant": 2, "pos": [12, 26]}, "20;26": {"type": "stone", "variant": 5, "pos": [20, 26]}, "11;26": {"type": "stone", "variant": 2, "pos": [11, 26]}, "10;26": {"type": "stone", "variant": 2, "pos": [10, 26]}, "9;26": {"type": "stone", "variant": 2, "pos": [9, 26]}, "8;26": {"type": "stone", "variant": 2, "pos": [8, 26]}, "7;26": {"type": "stone", "variant": 2, "pos": [7, 26]}, "6;26": {"type": "stone", "variant": 2, "pos": [6, 26]}, "3;25": {"type": "stone", "variant": 2, "pos": [3, 25]}, "2;25": {"type": "stone", "variant": 2, "pos": [2, 25]}, "1;25": {"type": "stone", "variant": 2, "pos": [1, 25]}, "4;26": {"type": "stone", "variant": 2, "pos": [4, 26]}, "5;26": {"type": "stone", "variant": 2, "pos": [5, 26]}, "0;24": {"type": "stone", "variant": 2, "pos": [0, 24]}, "-1;23": {"type": "stone", "variant": 2, "pos": [-1, 23]}, "-2;23": {"type": "stone", "variant": 2, "pos": [-2, 23]}, "3;26": {"type": "stone", "variant": 5, "pos": [3, 26]}, "4;27": {"type": "stone", "variant": 5, "pos": [4, 27]}, "3;27": {"type": "stone", "variant": 5, "pos": [3, 27]}, "5;27": {"type": "stone", "variant": 5, "pos": [5, 27]}, "6;27": {"type": "stone", "variant": 5, "pos": [6, 27]}, "7;27": {"type": "stone", "variant": 5, "pos": [7, 27]}, "8;27": {"type": "stone", "variant": 5, "pos": [8, 27]}, "9;27": {"type": "stone", "variant": 5, "pos": [9, 27]}, "10;27": {"type": "stone", "variant": 5, "pos": [10, 27]}, "11;27": {"type": "stone", "variant": 5, "pos": [11, 27]}, "12;27": {"type": "stone", "variant": 5, "pos": [12, 27]}, "13;27": {"type": "stone", "variant": 5, "pos": [13, 27]}, "14;27": {"type": "stone", "variant": 5, "pos": [14, 27]}, "15;27": {"type": "stone", "variant": 5, "pos": [15, 27]}, "6;28": {"type": "stone", "variant": 5, "pos": [6, 28]}, "7;28": {"type": "stone", "variant": 5, "pos": [7, 28]}, "8;28": {"type": "stone", "variant": 5, "pos": [8, 28]}, "9;28": {"type": "stone", "variant": 5, "pos": [9, 28]}, "10;28": {"type": "stone", "variant": 5, "pos": [10, 28]}, "11;28": {"type": "stone", "variant": 5, "pos": [11, 28]}, "12;28": {"type": "stone", "variant": 5, "pos": [12, 28]}, "13;28": {"type": "stone", "variant": 5, "pos": [13, 28]}, "17;27": {"type": "stone", "variant": 5, "pos": [17, 27]}, "16;27": {"type": "stone", "variant": 5, "pos": [16, 27]}, "20;27": {"type": "stone", "variant": 5, "pos": [20, 27]}, "21;28": {"type": "stone", "variant": 5, "pos": [21, 28]}, "21;29": {"type": "stone", "variant": 5, "pos": [21, 29]}, "21;30": {"type": "stone", "variant": 5, "pos": [21, 30]}, "22;28": {"type": "stone", "variant": 5, "pos": [22, 28]}, "22;27": {"type": "stone", "variant": 5, "pos": [22, 27]}, "23;26": {"type": "stone", "variant": 5, "pos": [23, 26]}, "37;21": {"type": "grass", "variant": 1, "pos": [37, 21]}, "37;20": {"type": "grass", "variant": 0, "pos": [37, 20]}, "38;20": {"type": "grass", "variant": 0, "pos": [38, 20]}, "38;21": {"type": "grass", "variant": 1, "pos": [38, 21]}, "40;17": {"type": "grass", "variant": 0, "pos": [40, 17]}, "41;17": {"type": "grass", "variant": 0, "pos": [41, 17]}, "40;18": {"type": "grass", "variant": 1, "pos": [40, 18]}, "40;19": {"type": "grass", "variant": 1, "pos": [40, 19]}, "40;20": {"type": "grass", "variant": 1, "pos": [40, 20]}, "40;21": {"type": "grass", "variant": 1, "pos": [40, 21]}, "41;21": {"type": "grass", "variant": 1, "pos": [41, 21]}, "41;20": {"type": "grass", "variant": 1, "pos": [41, 20]}, "41;19": {"type": "grass", "variant": 1, "pos": [41, 19]}, "41;18": {"type": "grass", "variant": 1, "pos": [41, 18]}, "34;14": {"type": "stone", "variant": 2, "pos": [34, 14]}, "35;14": {"type": "stone", "variant": 2, "pos": [35, 14]}, "36;14": {"type": "stone", "variant": 2, "pos": [36, 14]}, "37;14": {"type": "stone", "variant": 2, "pos": [37, 14]}, "37;13": {"type": "grass", "variant": 0, "pos": [37, 13]}, "36;13": {"type": "grass", "variant": 0, "pos": [36, 13]}, "35;13": {"type": "grass", "variant": 0, "pos": [35, 13]}, "34;13": {"type": "grass", "variant": 1, "pos": [34, 13]}, "34;12": {"type": "grass", "variant": 0, "pos": [34, 12]}, "43;14": {"type": "grass", "variant": 0, "pos": [43, 14]}, "43;15": {"type": "stone", "variant": 0, "pos": [43, 15]}, "43;16": {"type": "stone", "variant": 2, "pos": [43, 16]}, "43;17": {"type": "stone", "variant": 5, "pos": [43, 17]}, "43;18": {"type": "stone", "variant": 5, "pos": [43, 18]}, "43;19": {"type": "stone", "variant": 5, "pos": [43, 19]}, "43;24": {"type": "stone", "variant": 5, "pos": [43, 24]}, "43;25": {"type": "stone", "variant": 5, "pos": [43, 25]}, "43;26": {"type": "stone", "variant": 5, "pos": [43, 26]}, "44;26": {"type": "stone", "variant": 5, "pos": [44, 26]}, "44;25": {"type": "stone", "variant": 5, "pos": [44, 25]}, "44;24": {"type": "stone", "variant": 5, "pos": [44, 24]}, "44;23": {"type": "stone", "variant": 5, "pos": [44, 23]}, "45;22": {"type": "stone", "variant": 5, "pos": [45, 22]}, "45;19": {"type": "stone", "variant": 5, "pos": [45, 19]}, "44;19": {"type": "stone", "variant": 5, "pos": [44, 19]}, "44;22": {"type": "stone", "variant": 5, "pos": [44, 22]}, "44;15": {"type": "stone", "variant": 0, "pos": [44, 15]}, "44;16": {"type": "stone", "variant": 2, "pos": [44, 16]}, "44;17": {"type": "stone", "variant": 5, "pos": [44, 17]}, "44;18": {"type": "stone", "variant": 5, "pos": [44, 18]}, "45;18": {"type": "stone", "variant": 5, "pos": [45, 18]}, "45;17": {"type": "stone", "variant": 5, "pos": [45, 17]}, "45;16": {"type": "stone", "variant": 5, "pos": [45, 16]}, "44;14": {"type": "grass", "variant": 0, "pos": [44, 14]}, "45;15": {"type": "stone", "variant": 1, "pos": [45, 15]}, "45;14": {"type": "grass", "variant": 0, "pos": [45, 14]}, "19;9": {"type": "stone", "variant": 2, "pos": [19, 9]}, "19;8": {"type": "stone", "variant": 1, "pos": [19, 8]}, "9;7": {"type": "stone", "variant": 1, "pos": [9, 7]}, "9;6": {"type": "stone", "variant": 1, "pos": [9, 6]}, "10;8": {"type": "stone", "variant": 5, "pos": [10, 8]}, "10;7": {"type": "grass", "variant": 0, "pos": [10, 7]}, "20;9": {"type": "stone", "variant": 0, "pos": [20, 9]}, "46;19": {"type": "stone", "variant": 0, "pos": [46, 19]}, "47;19": {"type": "stone", "variant": 0, "pos": [47, 19]}, "48;19": {"type": "stone", "variant": 0, "pos": [48, 19]}, "48;18": {"type": "grass", "variant": 0, "pos": [48, 18]}, "47;18": {"type": "grass", "variant": 0, "pos": [47, 18]}, "46;18": {"type": "grass", "variant": 0, "pos": [46, 18]}, "46;22": {"type": "grass", "variant": 0, "pos": [46, 22]}, "47;22": {"type": "grass", "variant": 0, "pos": [47, 22]}, "48;22": {"type": "grass", "variant": 0, "pos": [48, 22]}, "45;23": {"type": "grass", "variant": 1, "pos": [45, 23]}, "46;23": {"type": "grass", "variant": 1, "pos": [46, 23]}, "47;23": {"type": "grass", "variant": 1, "pos": [47, 23]}, "48;23": {"type": "grass", "variant": 1, "pos": [48, 23]}, "48;24": {"type": "grass", "variant": 1, "pos": [48, 24]}, "47;24": {"type": "grass", "variant": 1, "pos": [47, 24]}, "46;24": {"type": "grass", "variant": 1, "pos": [46, 24]}, "45;24": {"type": "grass", "variant": 1, "pos": [45, 24]}, "45;25": {"type": "stone", "variant": 0, "pos": [45, 25]}, "46;25": {"type": "stone", "variant": 0, "pos": [46, 25]}, "47;25": {"type": "stone", "variant": 0, "pos": [47, 25]}, "48;25": {"type": "stone", "variant": 0, "pos": [48, 25]}, "49;25": {"type": "stone", "variant": 1, "pos": [49, 25]}, "49;24": {"type": "stone", "variant": 1, "pos": [49, 24]}, "49;23": {"type": "stone", "variant": 1, "pos": [49, 23]}, "50;23": {"type": "stone", "variant": 1, "pos": [50, 23]}, "50;22": {"type": "stone", "variant": 1, "pos": [50, 22]}, "51;22": {"type": "stone", "variant": 1, "pos": [51, 22]}, "51;21": {"type": "stone", "variant": 1, "pos": [51, 21]}, "52;21": {"type": "stone", "variant": 1, "pos": [52, 21]}, "52;22": {"type": "stone", "variant": 1, "pos": [52, 22]}, "52;23": {"type": "stone", "variant": 1, "pos": [52, 23]}, "51;24": {"type": "stone", "variant": 1, "pos": [51, 24]}, "51;25": {"type": "stone", "variant": 1, "pos": [51, 25]}, "50;25": {"type": "stone", "variant": 1, "pos": [50, 25]}, "50;24": {"type": "stone", "variant": 1, "pos": [50, 24]}, "51;23": {"type": "stone", "variant": 1, "pos": [51, 23]}, "49;26": {"type": "stone", "variant": 2, "pos": [49, 26]}, "50;26": {"type": "stone", "variant": 2, "pos": [50, 26]}, "51;26": {"type": "stone", "variant": 2, "pos": [51, 26]}, "48;26": {"type": "stone", "variant": 2, "pos": [48, 26]}, "47;26": {"type": "stone", "variant": 2, "pos": [47, 26]}, "46;26": {"type": "stone", "variant": 2, "pos": [46, 26]}, "45;26": {"type": "stone", "variant": 2, "pos": [45, 26]}, "52;24": {"type": "stone", "variant": 2, "pos": [52, 24]}, "51;20": {"type": "stone", "variant": 0, "pos": [51, 20]}, "52;20": {"type": "stone", "variant": 0, "pos": [52, 20]}, "51;19": {"type": "grass", "variant": 0, "pos": [51, 19]}, "52;19": {"type": "grass", "variant": 0, "pos": [52, 19]}, "50;21": {"type": "grass", "variant": 0, "pos": [50, 21]}, "49;22": {"type": "grass", "variant": 0, "pos": [49, 22]}, "50;15": {"type": "stone", "variant": 2, "pos": [50, 15]}, "51;15": {"type": "stone", "variant": 2, "pos": [51, 15]}, "50;14": {"type": "stone", "variant": 1, "pos": [50, 14]}, "51;14": {"type": "stone", "variant": 1, "pos": [51, 14]}, "49;15": {"type": "stone", "variant": 2, "pos": [49, 15]}, "34;15": {"type": "stone", "variant": 5, "pos": [34, 15]}, "35;15": {"type": "stone", "variant": 5, "pos": [35, 15]}, "33;16": {"type": "stone", "variant": 5, "pos": [33, 16]}, "31;-2": {"type": "grass", "variant": 0, "pos": [31, -2]}, "32;-1": {"type": "stone", "variant": 2, "pos": [32, -1]}, "31;-1": {"type": "stone", "variant": 2, "pos": [31, -1]}, "33;4": {"type": "stone", "variant": 2, "pos": [33, 4]}, "34;5": {"type": "stone", "variant": 2, "pos": [34, 5]}, "35;5": {"type": "stone", "variant": 2, "pos": [35, 5]}, "38;4": {"type": "stone", "variant": 2, "pos": [38, 4]}, "35;4": {"type": "stone", "variant": 1, "pos": [35, 4]}, "34;4": {"type": "stone", "variant": 1, "pos": [34, 4]}, "33;3": {"type": "stone", "variant": 0, "pos": [33, 3]}, "34;3": {"type": "stone", "variant": 1, "pos": [34, 3]}, "35;3": {"type": "stone", "variant": 1, "pos": [35, 3]}, "36;3": {"type": "stone", "variant": 1, "pos": [36, 3]}, "38;3": {"type": "stone", "variant": 1, "pos": [38, 3]}, "38;2": {"type": "stone", "variant": 1, "pos": [38, 2]}, "38;1": {"type": "stone", "variant": 3, "pos": [38, 1]}, "39;1": {"type": "stone", "variant": 5, "pos": [39, 1]}, "39;2": {"type": "stone", "variant": 5, "pos": [39, 2]}, "39;3": {"type": "stone", "variant": 5, "pos": [39, 3]}, "39;4": {"type": "stone", "variant": 5, "pos": [39, 4]}, "36;4": {"type": "stone", "variant": 2, "pos": [36, 4]}, "41;0": {"type": "stone", "variant": 2, "pos": [41, 0]}, "42;0": {"type": "stone", "variant": 2, "pos": [42, 0]}, "41;-1": {"type": "stone", "variant": 0, "pos": [41, -1]}, "42;-1": {"type": "stone", "variant": 0, "pos": [42, -1]}, "41;-2": {"type": "grass", "variant": 0, "pos": [41, -2]}, "42;-2": {"type": "grass", "variant": 0, "pos": [42, -2]}, "37;-3": {"type": "grass", "variant": 0, "pos": [37, -3]}, "37;-2": {"type": "stone", "variant": 2, "pos": [37, -2]}}, "tile_size": {"3;9": {"type": "grass", "variant": 0, "pos": [3, 9]}, "4;9": {"type": "grass", "variant": 0, "pos": [4, 9]}, "5;9": {"type": "grass", "variant": 0, "pos": [5, 9]}, "6;9": {"type": "grass", "variant": 0, "pos": [6, 9]}, "7;9": {"type": "grass", "variant": 0, "pos": [7, 9]}, "8;9": {"type": "grass", "variant": 0, "pos": [8, 9]}, "9;9": {"type": "grass", "variant": 0, "pos": [9, 9]}, "10;9": {"type": "grass", "variant": 0, "pos": [10, 9]}, "4;10": {"type": "grass", "variant": 1, "pos": [4, 10]}, "5;10": {"type": "grass", "variant": 1, "pos": [5, 10]}, "6;10": {"type": "grass", "variant": 1, "pos": [6, 10]}, "9;10": {"type": "grass", "variant": 1, "pos": [9, 10]}, "10;10": {"type": "grass", "variant": 1, "pos": [10, 10]}, "8;10": {"type": "grass", "variant": 1, "pos": [8, 10]}, "7;10": {"type": "grass", "variant": 1, "pos": [7, 10]}, "3;10": {"type": "grass", "variant": 1, "pos": [3, 10]}, "7;8": {"type": "stone", "variant": 2, "pos": [7, 8]}, "8;8": {"type": "stone", "variant": 2, "pos": [8, 8]}, "9;8": {"type": "stone", "variant": 2, "pos": [9, 8]}, "8;7": {"type": "stone", "variant": 1, "pos": [8, 7]}, "4;11": {"type": "grass", "variant": 1, "pos": [4, 11]}, "5;11": {"type": "grass", "variant": 1, "pos": [5, 11]}, "6;11": {"type": "grass", "variant": 1, "pos": [6, 11]}, "7;11": {"type": "grass", "variant": 1, "pos": [7, 11]}, "9;11": {"type": "grass", "variant": 1, "pos": [9, 11]}, "8;11": {"type": "grass", "variant": 1, "pos": [8, 11]}, "10;11": {"type": "stone", "variant": 0, "pos": [10, 11]}, "3;11": {"type": "stone", "variant": 0, "pos": [3, 11]}, "4;12": {"type": "stone", "variant": 0, "pos": [4, 12]}, "5;12": {"type": "stone", "variant": 0, "pos": [5, 12]}, "6;12": {"type": "stone", "variant": 0, "pos": [6, 12]}, "7;12": {"type": "stone", "variant": 0, "pos": [7, 12]}, "8;12": {"type": "stone", "variant": 0, "pos": [8, 12]}, "9;12": {"type": "stone", "variant": 0, "pos": [9, 12]}, "10;12": {"type": "stone", "variant": 2, "pos": [10, 12]}, "3;12": {"type": "stone", "variant": 2, "pos": [3, 12]}, "4;13": {"type": "stone", "variant": 2, "pos": [4, 13]}, "5;13": {"type": "stone", "variant": 2, "pos": [5, 13]}, "6;13": {"type": "stone", "variant": 2, "pos": [6, 13]}, "7;13": {"type": "stone", "variant": 2, "pos": [7, 13]}, "8;13": {"type": "stone", "variant": 2, "pos": [8, 13]}, "9;13": {"type": "stone", "variant": 2, "pos": [9, 13]}, "12;7": {"type": "stone", "variant": 2, "pos": [12, 7]}, "13;8": {"type": "stone", "variant": 2, "pos": [13, 8]}, "14;8": {"type": "stone", "variant": 2, "pos": [14, 8]}, "15;8": {"type": "stone", "variant": 2, "pos": [15, 8]}, "16;8": {"type": "stone", "variant": 2, "pos": [16, 8]}, "17;7": {"type": "stone", "variant": 2, "pos": [17, 7]}, "13;7": {"type": "stone", "variant": 1, "pos": [13, 7]}, "14;7": {"type": "stone", "variant": 1, "pos": [14, 7]}, "15;7": {"type": "stone", "variant": 1, "pos": [15, 7]}, "16;7": {"type": "stone", "variant": 1, "pos": [16, 7]}, "17;6": {"type": "stone", "variant": 1, "pos": [17, 6]}, "16;6": {"type": "stone", "variant": 1, "pos": [16, 6]}, "15;6": {"type": "stone", "variant": 1, "pos": [15, 6]}, "14;6": {"type": "stone", "variant": 1, "pos": [14, 6]}, "13;6": {"type": "stone", "variant": 1, "pos": [13, 6]}, "12;6": {"type": "stone", "variant": 1, "pos": [12, 6]}, "18;11": {"type": "grass", "variant": 1, "pos": [18, 11]}, "19;11": {"type": "grass", "variant": 1, "pos": [19, 11]}, "20;11": {"type": "grass", "variant": 1, "pos": [20, 11]}, "21;11": {"type": "grass", "variant": 1, "pos": [21, 11]}, "22;11": {"type": "grass", "variant": 0, "pos": [22, 11]}, "23;11": {"type": "grass", "variant": 0, "pos": [23, 11]}, "24;11": {"type": "grass", "variant": 0, "pos": [24, 11]}, "25;11": {"type": "grass", "variant": 0, "pos": [25, 11]}, "26;11": {"type": "grass", "variant": 0, "pos": [26, 11]}, "27;11": {"type": "grass", "variant": 0, "pos": [27, 11]}, "28;11": {"type": "grass", "variant": 0, "pos": [28, 11]}, "30;11": {"type": "grass", "variant": 0, "pos": [30, 11]}, "31;11": {"type": "grass", "variant": 0, "pos": [31, 11]}, "32;11": {"type": "grass", "variant": 0, "pos": [32, 11]}, "33;11": {"type": "grass", "variant": 0, "pos": [33, 11]}, "29;11": {"type": "grass", "variant": 0, "pos": [29, 11]}, "18;12": {"type": "grass", "variant": 1, "pos": [18, 12]}, "19;12": {"type": "grass", "variant": 1, "pos": [19, 12]}, "20;12": {"type": "grass", "variant": 1, "pos": [20, 12]}, "21;12": {"type": "grass", "variant": 1, "pos": [21, 12]}, "22;12": {"type": "grass", "variant": 1, "pos": [22, 12]}, "23;12": {"type": "grass", "variant": 1, "pos": [23, 12]}, "24;12": {"type": "grass", "variant": 1, "pos": [24, 12]}, "25;12": {"type": "grass", "variant": 1, "pos": [25, 12]}, "26;12": {"type": "grass", "variant": 1, "pos": [26, 12]}, "27;12": {"type": "grass", "variant": 1, "pos": [27, 12]}, "28;12": {"type": "grass", "variant": 1, "pos": [28, 12]}, "29;12": {"type": "grass", "variant": 1, "pos": [29, 12]}, "30;12": {"type": "grass", "variant": 1, "pos": [30, 12]}, "31;12": {"type": "grass", "variant": 1, "pos": [31, 12]}, "32;12": {"type": "grass", "variant": 1, "pos": [32, 12]}, "33;12": {"type": "grass", "variant": 1, "pos": [33, 12]}, "18;13": {"type": "stone", "variant": 0, "pos": [18, 13]}, "19;13": {"type": "stone", "variant": 1, "pos": [19, 13]}, "20;13": {"type": "stone", "variant": 1, "pos": [20, 13]}, "21;13": {"type": "stone", "variant": 1, "pos": [21, 13]}, "22;13": {"type": "stone", "variant": 0, "pos": [22, 13]}, "23;13": {"type": "stone", "variant": 0, "pos": [23, 13]}, "24;13": {"type": "stone", "variant": 1, "pos": [24, 13]}, "25;13": {"type": "stone", "variant": 1, "pos": [25, 13]}, "26;13": {"type": "stone", "variant": 1, "pos": [26, 13]}, "27;13": {"type": "stone", "variant": 0, "pos": [27, 13]}, "28;13": {"type": "stone", "variant": 0, "pos": [28, 13]}, "29;13": {"type": "stone", "variant": 1, "pos": [29, 13]}, "30;13": {"type": "stone", "variant": 4, "pos": [30, 13]}, "31;13": {"type": "stone", "variant": 1, "pos": [31, 13]}, "32;13": {"type": "stone", "variant": 0, "pos": [32, 13]}, "33;13": {"type": "stone", "variant": 0, "pos": [33, 13]}, "19;14": {"type": "stone", "variant": 3, "pos": [19, 14]}, "23;14": {"type": "stone", "variant": 3, "pos": [23, 14]}, "27;14": {"type": "stone", "variant": 4, "pos": [27, 14]}, "31;14": {"type": "stone", "variant": 4, "pos": [31, 14]}, "26;14": {"type": "stone", "variant": 5, "pos": [26, 14]}, "25;14": {"type": "stone", "variant": 5, "pos": [25, 14]}, "24;14": {"type": "stone", "variant": 5, "pos": [24, 14]}, "24;15": {"type": "stone", "variant": 5, "pos": [24, 15]}, "23;15": {"type": "stone", "variant": 5, "pos": [23, 15]}, "22;15": {"type": "stone", "variant": 5, "pos": [22, 15]}, "21;15": {"type": "stone", "variant": 5, "pos": [21, 15]}, "21;14": {"type": "stone", "variant": 5, "pos": [21, 14]}, "22;14": {"type": "stone", "variant": 5, "pos": [22, 14]}, "20;14": {"type": "stone", "variant": 5, "pos": [20, 14]}, "20;15": {"type": "stone", "variant": 5, "pos": [20, 15]}, "19;15": {"type": "stone", "variant": 5, "pos": [19, 15]}, "25;15": {"type": "stone", "variant": 5, "pos": [25, 15]}, "26;15": {"type": "stone", "variant": 5, "pos": [26, 15]}, "27;15": {"type": "stone", "variant": 5, "pos": [27, 15]}, "28;15": {"type": "stone", "variant": 5, "pos": [28, 15]}, "28;14": {"type": "stone", "variant": 2, "pos": [28, 14]}, "29;14": {"type": "stone", "variant": 2, "pos": [29, 14]}, "29;15": {"type": "stone", "variant": 5, "pos": [29, 15]}, "30;15": {"type": "stone", "variant": 5, "pos": [30, 15]}, "30;14": {"type": "stone", "variant": 5, "pos": [30, 14]}, "31;15": {"type": "stone", "variant": 5, "pos": [31, 15]}, "32;14": {"type": "stone", "variant": 2, "pos": [32, 14]}, "33;14": {"type": "stone", "variant": 2, "pos": [33, 14]}, "18;14": {"type": "stone", "variant": 2, "pos": [18, 14]}, "18;15": {"type": "stone", "variant": 5, "pos": [18, 15]}, "32;15": {"type": "stone", "variant": 5, "pos": [32, 15]}, "33;15": {"type": "stone", "variant": 5, "pos": [33, 15]}, "19;16": {"type": "stone", "variant": 5, "pos": [19, 16]}, "20;16": {"type": "stone", "variant": 5, "pos": [20, 16]}, "21;16": {"type": "stone", "variant": 5, "pos": [21, 16]}, "22;16": {"type": "stone", "variant": 5, "pos": [22, 16]}, "23;16": {"type": "stone", "variant": 5, "pos": [23, 16]}, "24;16": {"type": "stone", "variant": 5, "pos": [24, 16]}, "25;16": {"type": "stone", "variant": 5, "pos": [25, 16]}, "26;16": {"type": "stone", "variant": 5, "pos": [26, 16]}, "27;16": {"type": "stone", "variant": 5, "pos": [27, 16]}, "28;16": {"type": "stone", "variant": 5, "pos": [28, 16]}, "29;16": {"type": "stone", "variant": 5, "pos": [29, 16]}, "30;16": {"type": "stone", "variant": 5, "pos": [30, 16]}, "31;16": {"type": "stone", "variant": 5, "pos": [31, 16]}, "32;16": {"type": "stone", "variant": 5, "pos": [32, 16]}, "22;17": {"type": "stone", "variant": 5, "pos": [22, 17]}, "23;17": {"type": "stone", "variant": 5, "pos": [23, 17]}, "24;17": {"type": "stone", "variant": 5, "pos": [24, 17]}, "25;17": {"type": "stone", "variant": 5, "pos": [25, 17]}, "26;17": {"type": "stone", "variant": 5, "pos": [26, 17]}, "27;17": {"type": "stone", "variant": 5, "pos": [27, 17]}, "28;17": {"type": "stone", "variant": 5, "pos": [28, 17]}, "29;17": {"type": "stone", "variant": 5, "pos": [29, 17]}, "30;17": {"type": "stone", "variant": 5, "pos": [30, 17]}, "27;18": {"type": "stone", "variant": 5, "pos": [27, 18]}, "28;18": {"type": "stone", "variant": 5, "pos": [28, 18]}, "29;18": {"type": "stone", "variant": 5, "pos": [29, 18]}, "30;18": {"type": "stone", "variant": 5, "pos": [30, 18]}, "30;19": {"type": "stone", "variant": 5, "pos": [30, 19]}, "29;19": {"type": "stone", "variant": 5, "pos": [29, 19]}, "31;17": {"type": "stone", "variant": 5, "pos": [31, 17]}, "27;10": {"type": "stone", "variant": 5, "pos": [27, 10]}, "28;10": {"type": "stone", "variant": 5, "pos": [28, 10]}, "29;10": {"type": "stone", "variant": 5, "pos": [29, 10]}, "30;10": {"type": "stone", "variant": 5, "pos": [30, 10]}, "27;9": {"type": "stone", "variant": 2, "pos": [27, 9]}, "28;9": {"type": "stone", "variant": 2, "pos": [28, 9]}, "29;9": {"type": "stone", "variant": 2, "pos": [29, 9]}, "30;9": {"type": "stone", "variant": 2, "pos": [30, 9]}, "31;10": {"type": "stone", "variant": 2, "pos": [31, 10]}, "19;3": {"type": "stone", "variant": 2, "pos": [19, 3]}, "20;3": {"type": "stone", "variant": 2, "pos": [20, 3]}, "21;3": {"type": "stone", "variant": 2, "pos": [21, 3]}, "20;4": {"type": "stone", "variant": 3, "pos": [20, 4]}, "21;4": {"type": "stone", "variant": 4, "pos": [21, 4]}, "15;0": {"type": "grass", "variant": 0, "pos": [15, 0]}, "14;0": {"type": "grass", "variant": 0, "pos": [14, 0]}, "13;0": {"type": "grass", "variant": 0, "pos": [13, 0]}, "12;0": {"type": "grass", "variant": 0, "pos": [12, 0]}, "12;1": {"type": "stone", "variant": 0, "pos": [12, 1]}, "15;1": {"type": "stone", "variant": 0, "pos": [15, 1]}, "13;1": {"type": "stone", "variant": 1, "pos": [13, 1]}, "14;1": {"type": "stone", "variant": 1, "pos": [14, 1]}, "4;2": {"type": "stone", "variant": 2, "pos": [4, 2]}, "5;3": {"type": "stone", "variant": 2, "pos": [5, 3]}, "6;3": {"type": "stone", "variant": 2, "pos": [6, 3]}, "7;3": {"type": "stone", "variant": 2, "pos": [7, 3]}, "8;2": {"type": "stone", "variant": 2, "pos": [8, 2]}, "5;2": {"type": "stone", "variant": 0, "pos": [5, 2]}, "6;2": {"type": "stone", "variant": 0, "pos": [6, 2]}, "7;2": {"type": "stone", "variant": 0, "pos": [7, 2]}, "4;1": {"type": "grass", "variant": 0, "pos": [4, 1]}, "5;1": {"type": "grass", "variant": 0, "pos": [5, 1]}, "6;1": {"type": "grass", "variant": 0, "pos": [6, 1]}, "7;1": {"type": "grass", "variant": 0, "pos": [7, 1]}, "8;1": {"type": "grass", "variant": 0, "pos": [8, 1]}, "18;-3": {"type": "grass", "variant": 0, "pos": [18, -3]}, "19;-3": {"type": "grass", "variant": 0, "pos": [19, -3]}, "20;-3": {"type": "grass", "variant": 0, "pos": [20, -3]}, "21;-3": {"type": "grass", "variant": 0, "pos": [21, -3]}, "22;-3": {"type": "grass", "variant": 0, "pos": [22, -3]}, "26;1": {"type": "grass", "variant": 0, "pos": [26, 1]}, "27;1": {"type": "grass", "variant": 0, "pos": [27, 1]}, "28;1": {"type": "grass", "variant": 0, "pos": [28, 1]}, "29;1": {"type": "grass", "variant": 0, "pos": [29, 1]}, "32;-3": {"type": "grass", "variant": 0, "pos": [32, -3]}, "33;-3": {"type": "grass", "variant": 0, "pos": [33, -3]}, "34;-4": {"type": "grass", "variant": 0, "pos": [34, -4]}, "35;-4": {"type": "grass", "variant": 0, "pos": [35, -4]}, "36;-4": {"type": "grass", "variant": 0, "pos": [36, -4]}, "25;-6": {"type": "grass", "variant": 0, "pos": [25, -6]}, "26;-6": {"type": "grass", "variant": 0, "pos": [26, -6]}, "27;-6": {"type": "grass", "variant": 0, "pos": [27, -6]}, "28;-6": {"type": "grass", "variant": 0, "pos": [28, -6]}, "29;-6": {"type": "grass", "variant": 0, "pos": [29, -6]}, "26;-5": {"type": "grass", "variant": 1, "pos": [26, -5]}, "27;-5": {"type": "grass", "variant": 1, "pos": [27, -5]}, "28;-5": {"type": "grass", "variant": 1, "pos": [28, -5]}, "19;-2": {"type": "stone", "variant": 1, "pos": [19, -2]}, "20;-2": {"type": "stone", "variant": 1, "pos": [20, -2]}, "21;-2": {"type": "stone", "variant": 1, "pos": [21, -2]}, "27;2": {"type": "grass", "variant": 1, "pos": [27, 2]}, "28;2": {"type": "grass", "variant": 1, "pos": [28, 2]}, "36;-3": {"type": "grass", "variant": 1, "pos": [36, -3]}, "35;-3": {"type": "grass", "variant": 1, "pos": [35, -3]}, "34;-3": {"type": "grass", "variant": 1, "pos": [34, -3]}, "34;-2": {"type": "grass", "variant": 1, "pos": [34, -2]}, "33;-2": {"type": "grass", "variant": 1, "pos": [33, -2]}, "35;-2": {"type": "grass", "variant": 1, "pos": [35, -2]}, "18;-2": {"type": "stone", "variant": 2, "pos": [18, -2]}, "22;-2": {"type": "stone", "variant": 2, "pos": [22, -2]}, "21;-1": {"type": "stone", "variant": 2, "pos": [21, -1]}, "20;-1": {"type": "stone", "variant": 2, "pos": [20, -1]}, "19;-1": {"type": "stone", "variant": 2, "pos": [19, -1]}, "29;-5": {"type": "stone", "variant": 2, "pos": [29, -5]}, "28;-4": {"type": "stone", "variant": 2, "pos": [28, -4]}, "27;-4": {"type": "stone", "variant": 2, "pos": [27, -4]}, "26;-4": {"type": "stone", "variant": 2, "pos": [26, -4]}, "25;-5": {"type": "stone", "variant": 2, "pos": [25, -5]}, "32;-2": {"type": "grass", "variant": 1, "pos": [32, -2]}, "33;-1": {"type": "stone", "variant": 2, "pos": [33, -1]}, "34;-1": {"type": "stone", "variant": 2, "pos": [34, -1]}, "35;-1": {"type": "stone", "variant": 2, "pos": [35, -1]}, "36;-2": {"type": "stone", "variant": 2, "pos": [36, -2]}, "26;2": {"type": "stone", "variant": 2, "pos": [26, 2]}, "27;3": {"type": "stone", "variant": 2, "pos": [27, 3]}, "28;3": {"type": "stone", "variant": 2, "pos": [28, 3]}, "29;2": {"type": "stone", "variant": 2, "pos": [29, 2]}, "18;10": {"type": "grass", "variant": 0, "pos": [18, 10]}, "19;10": {"type": "grass", "variant": 0, "pos": [19, 10]}, "20;10": {"type": "grass", "variant": 0, "pos": [20, 10]}, "21;10": {"type": "grass", "variant": 0, "pos": [21, 10]}, "-2;22": {"type": "grass", "variant": 0, "pos": [-2, 22]}, "-1;22": {"type": "grass", "variant": 0, "pos": [-1, 22]}, "0;22": {"type": "grass", "variant": 0, "pos": [0, 22]}, "1;22": {"type": "grass", "variant": 0, "pos": [1, 22]}, "2;22": {"type": "grass", "variant": 0, "pos": [2, 22]}, "3;22": {"type": "grass", "variant": 0, "pos": [3, 22]}, "4;22": {"type": "grass", "variant": 0, "pos": [4, 22]}, "5;22": {"type": "grass", "variant": 0, "pos": [5, 22]}, "6;22": {"type": "grass", "variant": 0, "pos": [6, 22]}, "7;22": {"type": "grass", "variant": 0, "pos": [7, 22]}, "8;22": {"type": "grass", "variant": 0, "pos": [8, 22]}, "9;22": {"type": "grass", "variant": 0, "pos": [9, 22]}, "10;22": {"type": "grass", "variant": 0, "pos": [10, 22]}, "11;22": {"type": "grass", "variant": 0, "pos": [11, 22]}, "12;22": {"type": "grass", "variant": 0, "pos": [12, 22]}, "13;22": {"type": "grass", "variant": 0, "pos": [13, 22]}, "14;22": {"type": "grass", "variant": 0, "pos": [14, 22]}, "15;22": {"type": "grass", "variant": 0, "pos": [15, 22]}, "16;22": {"type": "grass", "variant": 0, "pos": [16, 22]}, "17;22": {"type": "grass", "variant": 0, "pos": [17, 22]}, "18;22": {"type": "grass", "variant": 0, "pos": [18, 22]}, "19;22": {"type": "stone", "variant": 5, "pos": [19, 22]}, "20;22": {"type": "stone", "variant": 2, "pos": [20, 22]}, "21;22": {"type": "stone", "variant": 1, "pos": [21, 22]}, "22;22": {"type": "stone", "variant": 5, "pos": [22, 22]}, "23;22": {"type": "grass", "variant": 0, "pos": [23, 22]}, "24;22": {"type": "grass", "variant": 0, "pos": [24, 22]}, "25;22": {"type": "grass", "variant": 0, "pos": [25, 22]}, "26;22": {"type": "grass", "variant": 0, "pos": [26, 22]}, "27;22": {"type": "grass", "variant": 0, "pos": [27, 22]}, "28;22": {"type": "grass", "variant": 0, "pos": [28, 22]}, "29;22": {"type": "grass", "variant": 0, "pos": [29, 22]}, "30;22": {"type": "grass", "variant": 0, "pos": [30, 22]}, "31;22": {"type": "grass", "variant": 0, "pos": [31, 22]}, "32;22": {"type": "grass", "variant": 0, "pos": [32, 22]}, "33;22": {"type": "grass", "variant": 0, "pos": [33, 22]}, "34;22": {"type": "grass", "variant": 0, "pos": [34, 22]}, "35;22": {"type": "grass", "variant": 0, "pos": [35, 22]}, "36;22": {"type": "grass", "variant": 0, "pos": [36, 22]}, "37;22": {"type": "grass", "variant": 1, "pos": [37, 22]}, "38;22": {"type": "grass", "variant": 1, "pos": [38, 22]}, "39;22": {"type": "grass", "variant": 0, "pos": [39, 22]}, "40;22": {"type": "grass", "variant": 1, "pos": [40, 22]}, "41;22": {"type": "grass", "variant": 1, "pos": [41, 22]}, "42;22": {"type": "grass", "variant": 0, "pos": [42, 22]}, "43;22": {"type": "stone", "variant": 5, "pos": [43, 22]}, "43;23": {"type": "stone", "variant": 5, "pos": [43, 23]}, "42;23": {"type": "grass", "variant": 1, "pos": [42, 23]}, "41;23": {"type": "grass", "variant": 1, "pos": [41, 23]}, "40;23": {"type": "grass", "variant": 1, "pos": [40, 23]}, "39;23": {"type": "grass", "variant": 1, "pos": [39, 23]}, "38;23": {"type": "grass", "variant": 1, "pos": [38, 23]}, "37;23": {"type": "grass", "variant": 1, "pos": [37, 23]}, "36;23": {"type": "grass", "variant": 1, "pos": [36, 23]}, "35;24": {"type": "grass", "variant": 1, "pos": [35, 24]}, "36;24": {"type": "grass", "variant": 1, "pos": [36, 24]}, "37;24": {"type": "grass", "variant": 1, "pos": [37, 24]}, "38;24": {"type": "grass", "variant": 1, "pos": [38, 24]}, "39;24": {"type": "grass", "variant": 1, "pos": [39, 24]}, "40;24": {"type": "grass", "variant": 1, "pos": [40, 24]}, "41;24": {"type": "grass", "variant": 1, "pos": [41, 24]}, "42;24": {"type": "grass", "variant": 1, "pos": [42, 24]}, "35;23": {"type": "grass", "variant": 1, "pos": [35, 23]}, "34;23": {"type": "grass", "variant": 1, "pos": [34, 23]}, "33;23": {"type": "grass", "variant": 1, "pos": [33, 23]}, "32;23": {"type": "grass", "variant": 1, "pos": [32, 23]}, "32;24": {"type": "grass", "variant": 1, "pos": [32, 24]}, "31;24": {"type": "grass", "variant": 1, "pos": [31, 24]}, "30;24": {"type": "grass", "variant": 1, "pos": [30, 24]}, "29;23": {"type": "grass", "variant": 1, "pos": [29, 23]}, "28;23": {"type": "grass", "variant": 1, "pos": [28, 23]}, "27;23": {"type": "grass", "variant": 1, "pos": [27, 23]}, "26;24": {"type": "grass", "variant": 1, "pos": [26, 24]}, "25;24": {"type": "grass", "variant": 1, "pos": [25, 24]}, "25;23": {"type": "grass", "variant": 1, "pos": [25, 23]}, "24;23": {"type": "grass", "variant": 1, "pos": [24, 23]}, "26;23": {"type": "grass", "variant": 1, "pos": [26, 23]}, "27;24": {"type": "grass", "variant": 1, "pos": [27, 24]}, "28;24": {"type": "grass", "variant": 1, "pos": [28, 24]}, "29;24": {"type": "grass", "variant": 1, "pos": [29, 24]}, "33;24": {"type": "grass", "variant": 1, "pos": [33, 24]}, "34;24": {"type": "grass", "variant": 1, "pos": [34, 24]}, "30;23": {"type": "grass", "variant": 1, "pos": [30, 23]}, "31;23": {"type": "grass", "variant": 1, "pos": [31, 23]}, "24;24": {"type": "grass", "variant": 1, "pos": [24, 24]}, "23;24": {"type": "grass", "variant": 1, "pos": [23, 24]}, "22;24": {"type": "stone", "variant": 5, "pos": [22, 24]}, "21;24": {"type": "stone", "variant": 1, "pos": [21, 24]}, "20;24": {"type": "stone", "variant": 5, "pos": [20, 24]}, "19;24": {"type": "grass", "variant": 1, "pos": [19, 24]}, "18;24": {"type": "grass", "variant": 1, "pos": [18, 24]}, "17;24": {"type": "grass", "variant": 1, "pos": [17, 24]}, "16;24": {"type": "grass", "variant": 1, "pos": [16, 24]}, "15;24": {"type": "grass", "variant": 1, "pos": [15, 24]}, "14;24": {"type": "grass", "variant": 1, "pos": [14, 24]}, "13;24": {"type": "grass", "variant": 1, "pos": [13, 24]}, "12;24": {"type": "grass", "variant": 1, "pos": [12, 24]}, "11;24": {"type": "grass", "variant": 1, "pos": [11, 24]}, "10;24": {"type": "grass", "variant": 1, "pos": [10, 24]}, "10;23": {"type": "grass", "variant": 1, "pos": [10, 23]}, "11;23": {"type": "grass", "variant": 1, "pos": [11, 23]}, "12;23": {"type": "grass", "variant": 1, "pos": [12, 23]}, "13;23": {"type": "grass", "variant": 1, "pos": [13, 23]}, "14;23": {"type": "grass", "variant": 1, "pos": [14, 23]}, "15;23": {"type": "grass", "variant": 1, "pos": [15, 23]}, "16;23": {"type": "grass", "variant": 1, "pos": [16, 23]}, "17;23": {"type": "grass", "variant": 1, "pos": [17, 23]}, "18;23": {"type": "grass", "variant": 1, "pos": [18, 23]}, "19;23": {"type": "stone", "variant": 5, "pos": [19, 23]}, "22;23": {"type": "stone", "variant": 5, "pos": [22, 23]}, "23;23": {"type": "grass", "variant": 1, "pos": [23, 23]}, "21;23": {"type": "stone", "variant": 1, "pos": [21, 23]}, "20;23": {"type": "stone", "variant": 5, "pos": [20, 23]}, "19;21": {"type": "stone", "variant": 2, "pos": [19, 21]}, "20;21": {"type": "stone", "variant": 1, "pos": [20, 21]}, "21;21": {"type": "stone", "variant": 1, "pos": [21, 21]}, "22;21": {"type": "stone", "variant": 1, "pos": [22, 21]}, "20;20": {"type": "stone", "variant": 1, "pos": [20, 20]}, "21;20": {"type": "stone", "variant": 1, "pos": [21, 20]}, "9;23": {"type": "grass", "variant": 1, "pos": [9, 23]}, "8;23": {"type": "grass", "variant": 1, "pos": [8, 23]}, "7;23": {"type": "grass", "variant": 1, "pos": [7, 23]}, "6;23": {"type": "grass", "variant": 1, "pos": [6, 23]}, "5;23": {"type": "grass", "variant": 1, "pos": [5, 23]}, "4;23": {"type": "grass", "variant": 1, "pos": [4, 23]}, "3;23": {"type": "grass", "variant": 1, "pos": [3, 23]}, "2;23": {"type": "grass", "variant": 1, "pos": [2, 23]}, "1;23": {"type": "grass", "variant": 1, "pos": [1, 23]}, "0;23": {"type": "grass", "variant": 1, "pos": [0, 23]}, "1;24": {"type": "grass", "variant": 1, "pos": [1, 24]}, "2;24": {"type": "grass", "variant": 1, "pos": [2, 24]}, "3;24": {"type": "grass", "variant": 1, "pos": [3, 24]}, "4;24": {"type": "grass", "variant": 1, "pos": [4, 24]}, "5;24": {"type": "grass", "variant": 1, "pos": [5, 24]}, "6;24": {"type": "grass", "variant": 1, "pos": [6, 24]}, "7;24": {"type": "grass", "variant": 1, "pos": [7, 24]}, "8;24": {"type": "grass", "variant": 1, "pos": [8, 24]}, "9;24": {"type": "grass", "variant": 1, "pos": [9, 24]}, "10;25": {"type": "grass", "variant": 1, "pos": [10, 25]}, "4;25": {"type": "grass", "variant": 1, "pos": [4, 25]}, "5;25": {"type": "grass", "variant": 1, "pos": [5, 25]}, "6;25": {"type": "grass", "variant": 1, "pos": [6, 25]}, "7;25": {"type": "grass", "variant": 1, "pos": [7, 25]}, "8;25": {"type": "grass", "variant": 1, "pos": [8, 25]}, "9;25": {"type": "grass", "variant": 1, "pos": [9, 25]}, "11;25": {"type": "grass", "variant": 1, "pos": [11, 25]}, "12;25": {"type": "grass", "variant": 1, "pos": [12, 25]}, "13;25": {"type": "grass", "variant": 1, "pos": [13, 25]}, "14;25": {"type": "grass", "variant": 1, "pos": [14, 25]}, "15;25": {"type": "grass", "variant": 1, "pos": [15, 25]}, "16;25": {"type": "grass", "variant": 1, "pos": [16, 25]}, "22;25": {"type": "stone", "variant": 5, "pos": [22, 25]}, "22;26": {"type": "stone", "variant": 5, "pos": [22, 26]}, "21;26": {"type": "stone", "variant": 5, "pos": [21, 26]}, "21;27": {"type": "stone", "variant": 5, "pos": [21, 27]}, "21;25": {"type": "stone", "variant": 2, "pos": [21, 25]}, "20;25": {"type": "stone", "variant": 5, "pos": [20, 25]}, "19;25": {"type": "stone", "variant": 0, "pos": [19, 25]}, "18;25": {"type": "stone", "variant": 0, "pos": [18, 25]}, "17;25": {"type": "stone", "variant": 0, "pos": [17, 25]}, "25;25": {"type": "stone", "variant": 0, "pos": [25, 25]}, "26;25": {"type": "stone", "variant": 0, "pos": [26, 25]}, "27;25": {"type": "stone", "variant": 0, "pos": [27, 25]}, "28;25": {"type": "stone", "variant": 0, "pos": [28, 25]}, "29;25": {"type": "stone", "variant": 0, "pos": [29, 25]}, "30;25": {"type": "stone", "variant": 0, "pos": [30, 25]}, "31;25": {"type": "stone", "variant": 0, "pos": [31, 25]}, "32;25": {"type": "stone", "variant": 0, "pos": [32, 25]}, "33;25": {"type": "stone", "variant": 0, "pos": [33, 25]}, "34;25": {"type": "grass", "variant": 1, "pos": [34, 25]}, "35;25": {"type": "grass", "variant": 1, "pos": [35, 25]}, "36;25": {"type": "grass", "variant": 1, "pos": [36, 25]}, "37;25": {"type": "grass", "variant": 1, "pos": [37, 25]}, "38;25": {"type": "grass", "variant": 1, "pos": [38, 25]}, "39;25": {"type": "grass", "variant": 1, "pos": [39, 25]}, "34;26": {"type": "stone", "variant": 0, "pos": [34, 26]}, "35;26": {"type": "stone", "variant": 0, "pos": [35, 26]}, "36;26": {"type": "stone", "variant": 0, "pos": [36, 26]}, "37;26": {"type": "stone", "variant": 0, "pos": [37, 26]}, "38;26": {"type": "stone", "variant": 0, "pos": [38, 26]}, "39;26": {"type": "stone", "variant": 0, "pos": [39, 26]}, "42;25": {"type": "stone", "variant": 0, "pos": [42, 25]}, "41;25": {"type": "stone", "variant": 0, "pos": [41, 25]}, "40;25": {"type": "stone", "variant": 0, "pos": [40, 25]}, "40;26": {"type": "stone", "variant": 1, "pos": [40, 26]}, "33;26": {"type": "stone", "variant": 1, "pos": [33, 26]}, "32;26": {"type": "stone", "variant": 1, "pos": [32, 26]}, "31;26": {"type": "stone", "variant": 1, "pos": [31, 26]}, "30;26": {"type": "stone", "variant": 1, "pos": [30, 26]}, "32;27": {"type": "stone", "variant": 1, "pos": [32, 27]}, "33;27": {"type": "stone", "variant": 1, "pos": [33, 27]}, "34;27": {"type": "stone", "variant": 1, "pos": [34, 27]}, "35;27": {"type": "stone", "variant": 1, "pos": [35, 27]}, "36;27": {"type": "stone", "variant": 1, "pos": [36, 27]}, "37;27": {"type": "stone", "variant": 1, "pos": [37, 27]}, "38;27": {"type": "stone", "variant": 1, "pos": [38, 27]}, "41;26": {"type": "stone", "variant": 2, "pos": [41, 26]}, "42;26": {"type": "stone", "variant": 2, "pos": [42, 26]}, "39;27": {"type": "stone", "variant": 2, "pos": [39, 27]}, "40;27": {"type": "stone", "variant": 2, "pos": [40, 27]}, "38;28": {"type": "stone", "variant": 2, "pos": [38, 28]}, "37;28": {"type": "stone", "variant": 2, "pos": [37, 28]}, "36;28": {"type": "stone", "variant": 2, "pos": [36, 28]}, "35;28": {"type": "stone", "variant": 2, "pos": [35, 28]}, "34;28": {"type": "stone", "variant": 2, "pos": [34, 28]}, "33;28": {"type": "stone", "variant": 2, "pos": [33, 28]}, "32;28": {"type": "stone", "variant": 2, "pos": [32, 28]}, "31;27": {"type": "stone", "variant": 2, "pos": [31, 27]}, "30;27": {"type": "stone", "variant": 2, "pos": [30, 27]}, "29;26": {"type": "stone", "variant": 2, "pos": [29, 26]}, "28;26": {"type": "stone", "variant": 2, "pos": [28, 26]}, "27;26": {"type": "stone", "variant": 2, "pos": [27, 26]}, "26;26": {"type": "stone", "variant": 2, "pos": [26, 26]}, "25;26": {"type": "stone", "variant": 2, "pos": [25, 26]}, "23;25": {"type": "stone", "variant": 2, "pos": [23, 25]}, "24;25": {"type": "stone", "variant": 2, "pos": [24, 25]}, "24;26": {"type": "stone", "variant": 5, "pos": [24, 26]}, "19;26": {"type": "stone", "variant": 2, "pos": [19, 26]}, "18;26": {"type": "stone", "variant": 2, "pos": [18, 26]}, "17;26": {"type": "stone", "variant": 2, "pos": [17, 26]}, "16;26": {"type": "stone", "variant": 2, "pos": [16, 26]}, "15;26": {"type": "stone", "variant": 2, "pos": [15, 26]}, "14;26": {"type": "stone", "variant": 2, "pos": [14, 26]}, "13;26": {"type": "stone", "variant": 2, "pos": [13, 26]}, "12;26": {"type": "stone", "variant": 2, "pos": [12, 26]}, "20;26": {"type": "stone", "variant": 5, "pos": [20, 26]}, "11;26": {"type": "stone", "variant": 2, "pos": [11, 26]}, "10;26": {"type": "stone", "variant": 2, "pos": [10, 26]}, "9;26": {"type": "stone", "variant": 2, "pos": [9, 26]}, "8;26": {"type": "stone", "variant": 2, "pos": [8, 26]}, "7;26": {"type": "stone", "variant": 2, "pos": [7, 26]}, "6;26": {"type": "stone", "variant": 2, "pos": [6, 26]}, "3;25": {"type": "stone", "variant": 2, "pos": [3, 25]}, "2;25": {"type": "stone", "variant": 2, "pos": [2, 25]}, "1;25": {"type": "stone", "variant": 2, "pos": [1, 25]}, "4;26": {"type": "stone", "variant": 2, "pos": [4, 26]}, "5;26": {"type": "stone", "variant": 2, "pos": [5, 26]}, "0;24": {"type": "stone", "variant": 2, "pos": [0, 24]}, "-1;23": {"type": "stone", "variant": 2, "pos": [-1, 23]}, "-2;23": {"type": "stone", "variant": 2, "pos": [-2, 23]}, "3;26": {"type": "stone", "variant": 5, "pos": [3, 26]}, "4;27": {"type": "stone", "variant": 5, "pos": [4, 27]}, "3;27": {"type": "stone", "variant": 5, "pos": [3, 27]}, "5;27": {"type": "stone", "variant": 5, "pos": [5, 27]}, "6;27": {"type": "stone", "variant": 5, "pos": [6, 27]}, "7;27": {"type": "stone", "variant": 5, "pos": [7, 27]}, "8;27": {"type": "stone", "variant": 5, "pos": [8, 27]}, "9;27": {"type": "stone", "variant": 5, "pos": [9, 27]}, "10;27": {"type": "stone", "variant": 5, "pos": [10, 27]}, "11;27": {"type": "stone", "variant": 5, "pos": [11, 27]}, "12;27": {"type": "stone", "variant": 5, "pos": [12, 27]}, "13;27": {"type": "stone", "variant": 5, "pos": [13, 27]}, "14;27": {"type": "stone", "variant": 5, "pos": [14, 27]}, "15;27": {"type": "stone", "variant": 5, "pos": [15, 27]}, "6;28": {"type": "stone", "variant": 5, "pos": [6, 28]}, "7;28": {"type": "stone", "variant": 5, "pos": [7, 28]}, "8;28": {"type": "stone", "variant": 5, "pos": [8, 28]}, "9;28": {"type": "stone", "variant": 5, "pos": [9, 28]}, "10;28": {"type": "stone", "variant": 5, "pos": [10, 28]}, "11;28": {"type": "stone", "variant": 5, "pos": [11, 28]}, "12;28": {"type": "stone", "variant": 5, "pos": [12, 28]}, "13;28": {"type": "stone", "variant": 5, "pos": [13, 28]}, "17;27": {"type": "stone", "variant": 5, "pos": [17, 27]}, "16;27": {"type": "stone", "variant": 5, "pos": [16, 27]}, "20;27": {"type": "stone", "variant": 5, "pos": [20, 27]}, "21;28": {"type": "stone", "variant": 5, "pos": [21, 28]}, "21;29": {"type": "stone", "variant": 5, "pos": [21, 29]}, "21;30": {"type": "stone", "variant": 5, "pos": [21, 30]}, "22;28": {"type": "stone", "variant": 5, "pos": [22, 28]}, "22;27": {"type": "stone", "variant": 5, "pos": [22, 27]}, "23;26": {"type": "stone", "variant": 5, "pos": [23, 26]}, "37;21": {"type": "grass", "variant": 1, "pos": [37, 21]}, "37;20": {"type": "grass", "variant": 0, "pos": [37, 20]}, "38;20": {"type": "grass", "variant": 0, "pos": [38, 20]}, "38;21": {"type": "grass", "variant": 1, "pos": [38, 21]}, "40;17": {"type": "grass", "variant": 0, "pos": [40, 17]}, "41;17": {"type": "grass", "variant": 0, "pos": [41, 17]}, "40;18": {"type": "grass", "variant": 1, "pos": [40, 18]}, "40;19": {"type": "grass", "variant": 1, "pos": [40, 19]}, "40;20": {"type": "grass", "variant": 1, "pos": [40, 20]}, "40;21": {"type": "grass", "variant": 1, "pos": [40, 21]}, "41;21": {"type": "grass", "variant": 1, "pos": [41, 21]}, "41;20": {"type": "grass", "variant": 1, "pos": [41, 20]}, "41;19": {"type": "grass", "variant": 1, "pos": [41, 19]}, "41;18": {"type": "grass", "variant": 1, "pos": [41, 18]}, "34;14": {"type": "stone", "variant": 2, "pos": [34, 14]}, "35;14": {"type": "stone", "variant": 2, "pos": [35, 14]}, "36;14": {"type": "stone", "variant": 2, "pos": [36, 14]}, "37;14": {"type": "stone", "variant": 2, "pos": [37, 14]}, "37;13": {"type": "grass", "variant": 0, "pos": [37, 13]}, "36;13": {"type": "grass", "variant": 0, "pos": [36, 13]}, "35;13": {"type": "grass", "variant": 0, "pos": [35, 13]}, "34;13": {"type": "grass", "variant": 1, "pos": [34, 13]}, "34;12": {"type": "grass", "variant": 0, "pos": [34, 12]}, "43;14": {"type": "grass", "variant": 0, "pos": [43, 14]}, "43;15": {"type": "stone", "variant": 0, "pos": [43, 15]}, "43;16": {"type": "stone", "variant": 2, "pos": [43, 16]}, "43;17": {"type": "stone", "variant": 5, "pos": [43, 17]}, "43;18": {"type": "stone", "variant": 5, "pos": [43, 18]}, "43;19": {"type": "stone", "variant": 5, "pos": [43, 19]}, "43;24": {"type": "stone", "variant": 5, "pos": [43, 24]}, "43;25": {"type": "stone", "variant": 5, "pos": [43, 25]}, "43;26": {"type": "stone", "variant": 5, "pos": [43, 26]}, "44;26": {"type": "stone", "variant": 5, "pos": [44, 26]}, "44;25": {"type": "stone", "variant": 5, "pos": [44, 25]}, "44;24": {"type": "stone", "variant": 5, "pos": [44, 24]}, "44;23": {"type": "stone", "variant": 5, "pos": [44, 23]}, "45;22": {"type": "stone", "variant": 5, "pos": [45, 22]}, "45;19": {"type": "stone", "variant": 5, "pos": [45, 19]}, "44;19": {"type": "stone", "variant": 5, "pos": [44, 19]}, "44;22": {"type": "stone", "variant": 5, "pos": [44, 22]}, "44;15": {"type": "stone", "variant": 0, "pos": [44, 15]}, "44;16": {"type": "stone", "variant": 2, "pos": [44, 16]}, "44;17": {"type": "stone", "variant": 5, "pos": [44, 17]}, "44;18": {"type": "stone", "variant": 5, "pos": [44, 18]}, "45;18": {"type": "stone", "variant": 5, "pos": [45, 18]}, "45;17": {"type": "stone", "variant": 5, "pos": [45, 17]}, "45;16": {"type": "stone", "variant": 5, "pos": [45, 16]}, "44;14": {"type": "grass", "variant": 0, "pos": [44, 14]}, "45;15": {"type": "stone", "variant": 1, "pos": [45, 15]}, "45;14": {"type": "grass", "variant": 0, "pos": [45, 14]}, "19;9": {"type": "stone", "variant": 2, "pos": [19, 9]}, "19;8": {"type": "stone", "variant": 1, "pos": [19, 8]}, "9;7": {"type": "stone", "variant": 1, "pos": [9, 7]}, "9;6": {"type": "stone", "variant": 1, "pos": [9, 6]}, "10;8": {"type": "stone", "variant": 5, "pos": [10, 8]}, "10;7": {"type": "grass", "variant": 0, "pos": [10, 7]}, "20;9": {"type": "stone", "variant": 0, "pos": [20, 9]}, "46;19": {"type": "stone", "variant": 0, "pos": [46, 19]}, "47;19": {"type": "stone", "variant": 0, "pos": [47, 19]}, "48;19": {"type": "stone", "variant": 0, "pos": [48, 19]}, "48;18": {"type": "grass", "variant": 0, "pos": [48, 18]}, "47;18": {"type": "grass", "variant": 0, "pos": [47, 18]}, "46;18": {"type": "grass", "variant": 0, "pos": [46, 18]}, "46;22": {"type": "grass", "variant": 0, "pos": [46, 22]}, "47;22": {"type": "grass", "variant": 0, "pos": [47, 22]}, "48;22": {"type": "grass", "variant": 0, "pos": [48, 22]}, "45;23": {"type": "grass", "variant": 1, "pos": [45, 23]}, "46;23": {"type": "grass", "variant": 1, "pos": [46, 23]}, "47;23": {"type": "grass", "variant": 1, "pos": [47, 23]}, "48;23": {"type": "grass", "variant": 1, "pos": [48, 23]}, "48;24": {"type": "grass", "variant": 1, "pos": [48, 24]}, "47;24": {"type": "grass", "variant": 1, "pos": [47, 24]}, "46;24": {"type": "grass", "variant": 1, "pos": [46, 24]}, "45;24": {"type": "grass", "variant": 1, "pos": [45, 24]}, "45;25": {"type": "stone", "variant": 0, "pos": [45, 25]}, "46;25": {"type": "stone", "variant": 0, "pos": [46, 25]}, "47;25": {"type": "stone", "variant": 0, "pos": [47, 25]}, "48;25": {"type": "stone", "variant": 0, "pos": [48, 25]}, "49;25": {"type": "stone", "variant": 1, "pos": [49, 25]}, "49;24": {"type": "stone", "variant": 1, "pos": [49, 24]}, "49;23": {"type": "stone", "variant": 1, "pos": [49, 23]}, "50;23": {"type": "stone", "variant": 1, "pos": [50, 23]}, "50;22": {"type": "stone", "variant": 1, "pos": [50, 22]}, "51;22": {"type": "stone", "variant": 1, "pos": [51, 22]}, "51;21": {"type": "stone", "variant": 1, "pos": [51, 21]}, "52;21": {"type": "stone", "variant": 1, "pos": [52, 21]}, "52;22": {"type": "stone", "variant": 1, "pos": [52, 22]}, "52;23": {"type": "stone", "variant": 1, "pos": [52, 23]}, "51;24": {"type": "stone", "variant": 1, "pos": [51, 24]}, "51;25": {"type": "stone", "variant": 1, "pos": [51, 25]}, "50;25": {"type": "stone", "variant": 1, "pos": [50, 25]}, "50;24": {"type": "stone", "variant": 1, "pos": [50, 24]}, "51;23": {"type": "stone", "variant": 1, "pos": [51, 23]}, "49;26": {"type": "stone", "variant": 2, "pos": [49, 26]}, "50;26": {"type": "stone", "variant": 2, "pos": [50, 26]}, "51;26": {"type": "stone", "variant": 2, "pos": [51, 26]}, "48;26": {"type": "stone", "variant": 2, "pos": [48, 26]}, "47;26": {"type": "stone", "variant": 2, "pos": [47, 26]}, "46;26": {"type": "stone", "variant": 2, "pos": [46, 26]}, "45;26": {"type": "stone", "variant": 2, "pos": [45, 26]}, "52;24": {"type": "stone", "variant": 2, "pos": [52, 24]}, "51;20": {"type": "stone", "variant": 0, "pos": [51, 20]}, "52;20": {"type": "stone", "variant": 0, "pos": [52, 20]}, "51;19": {"type": "grass", "variant": 0, "pos": [51, 19]}, "52;19": {"type": "grass", "variant": 0, "pos": [52, 19]}, "50;21": {"type": "grass", "variant": 0, "pos": [50, 21]}, "49;22": {"type": "grass", "variant": 0, "pos": [49, 22]}, "50;15": {"type": "stone", "variant": 2, "pos": [50, 15]}, "51;15": {"type": "stone", "variant": 2, "pos": [51, 15]}, "50;14": {"type": "stone", "variant": 1, "pos": [50, 14]}, "51;14": {"type": "stone", "variant": 1, "pos": [51, 14]}, "49;15": {"type": "stone", "variant": 2, "pos": [49, 15]}, "34;15": {"type": "stone", "variant": 5, "pos": [34, 15]}, "35;15": {"type": "stone", "variant": 5, "pos": [35, 15]}, "33;16": {"type": "stone", "variant": 5, "pos": [33, 16]}, "31;-2": {"type": "grass", "variant": 0, "pos": [31, -2]}, "32;-1": {"type": "stone", "variant": 2, "pos": [32, -1]}, "31;-1": {"type": "stone", "variant": 2, "pos": [31, -1]}, "33;4": {"type": "stone", "variant": 2, "pos": [33, 4]}, "34;5": {"type": "stone", "variant": 2, "pos": [34, 5]}, "35;5": {"type": "stone", "variant": 2, "pos": [35, 5]}, "38;4": {"type": "stone", "variant": 2, "pos": [38, 4]}, "35;4": {"type": "stone", "variant": 1, "pos": [35, 4]}, "34;4": {"type": "stone", "variant": 1, "pos": [34, 4]}, "33;3": {"type": "stone", "variant": 0, "pos": [33, 3]}, "34;3": {"type": "stone", "variant": 1, "pos": [34, 3]}, "35;3": {"type": "stone", "variant": 1, "pos": [35, 3]}, "36;3": {"type": "stone", "variant": 1, "pos": [36, 3]}, "38;3": {"type": "stone", "variant": 1, "pos": [38, 3]}, "38;2": {"type": "stone", "variant": 1, "pos": [38, 2]}, "38;1": {"type": "stone", "variant": 3, "pos": [38, 1]}, "39;1": {"type": "stone", "variant": 5, "pos": [39, 1]}, "39;2": {"type": "stone", "variant": 5, "pos": [39, 2]}, "39;3": {"type": "stone", "variant": 5, "pos": [39, 3]}, "39;4": {"type": "stone", "variant": 5, "pos": [39, 4]}, "36;4": {"type": "stone", "variant": 2, "pos": [36, 4]}, "41;0": {"type": "stone", "variant": 2, "pos": [41, 0]}, "42;0": {"type": "stone", "variant": 2, "pos": [42, 0]}, "41;-1": {"type": "stone", "variant": 0, "pos": [41, -1]}, "42;-1": {"type": "stone", "variant": 0, "pos": [42, -1]}, "41;-2": {"type": "grass", "variant": 0, "pos": [41, -2]}, "42;-2": {"type": "grass", "variant": 0, "pos": [42, -2]}, "37;-3": {"type": "grass", "variant": 0, "pos": [37, -3]}, "37;-2": {"type": "stone", "variant": 2, "pos": [37, -2]}}, "offgrid": [{"type": "stone", "variant": 5, "pos": [689.5, 313.0]}, {"type": "stone", "variant": 5, "pos": [696.5, 313.5]}, {"type": "stone", "variant": 5, "pos": [696.5, 316.0]}, {"type": "stone", "variant": 5, "pos": [699.5, 312.5]}, {"type": "stone", "variant": 5, "pos": [700.0, 312.5]}, {"type": "stone", "variant": 5, "pos": [702.0, 312.5]}, {"type": "stone", "variant": 5, "pos": [704.5, 312.5]}, {"type": "stone", "variant": 5, "pos": [708.5, 312.5]}, {"type": "stone", "variant": 5, "pos": [710.5, 313.5]}, {"type": "stone", "variant": 5, "pos": [710.5, 313.5]}, {"type": "stone", "variant": 5, "pos": [710.5, 315.0]}, {"type": "stone", "variant": 5, "pos": [717.0, 311.5]}, {"type": "stone", "variant": 5, "pos": [719.0, 312.5]}, {"type": "stone", "variant": 5, "pos": [721.0, 312.5]}, {"type": "stone", "variant": 5, "pos": [524.0, 250.5]}, {"type": "stone", "variant": 5, "pos": [496.5, 279.5]}, {"type": "stone", "variant": 5, "pos": [429.5, 288.5]}, {"type": "stone", "variant": 5, "pos": [346.0, 272.5]}, {"type": "stone", "variant": 5, "pos": [289.5, 247.5]}, {"type": "stone", "variant": 5, "pos": [288.0, 246.0]}, {"type": "grass", "variant": 0, "pos": [538.5, 352.0]}, {"type": "grass", "variant": 0, "pos": [592.5, 321.5]}]}